skills,role
"pytorch, data analysis, machine learning, r",Data Scientist
"r, numpy, tableau, pytorch, tensorflow",Data Scientist
"scikit-learn, tableau, machine learning, deep learning, pandas, r, data analysis",Data Scientist
"tableau, python, tensorflow, sql, numpy",Data Scientist
"data analysis, tensorflow, pandas, scikit-learn, statistics",Data Scientist
"r, numpy, tableau, deep learning, scikit-learn",Data Scientist
"tensorflow, data analysis, machine learning, sql, tableau, scikit-learn",Data Scientist
"r, sql, deep learning, data analysis, statistics, tableau, scikit-learn",Data Scientist
"sql, tableau, pytorch, statistics, r, machine learning",Data Scientist
"data analysis, statistics, r, numpy, pandas, python",Data Scientist
"machine learning, tableau, data analysis, scikit-learn, r, statistics",Data Scientist
"pytorch, machine learning, tableau, python, pandas",Data Scientist
"tensorflow, pandas, data analysis, numpy, sql, r, tableau",Data Scientist
"tensorflow, deep learning, pandas, sql, scikit-learn, pytorch",Data Scientist
"sql, tensorflow, data analysis, statistics, machine learning, r",Data Scientist
"tensorflow, tableau, scikit-learn, data analysis",Data Scientist
"tensorflow, pandas, sql, statistics, python",Data Scientist
"tableau, tensorflow, data analysis, sql, pytorch, scikit-learn",Data Scientist
"numpy, scikit-learn, sql, r, pytorch",Data Scientist
"r, pandas, tensorflow, python, machine learning",Data Scientist
"r, tableau, machine learning, pytorch, sql, data analysis",Data Scientist
"scikit-learn, statistics, data analysis, pytorch, pandas",Data Scientist
"pandas, data analysis, numpy, python, pytorch",Data Scientist
"machine learning, numpy, scikit-learn, pytorch, r",Data Scientist
"python, data analysis, r, pytorch, machine learning, sql",Data Scientist
"pytorch, python, data analysis, statistics, pandas, scikit-learn, r",Data Scientist
"deep learning, r, pandas, numpy, machine learning",Data Scientist
"tableau, scikit-learn, deep learning, sql",Data Scientist
"numpy, data analysis, r, sql, scikit-learn, python, machine learning",Data Scientist
"r, tableau, statistics, numpy, pandas, sql, deep learning",Data Scientist
"r, tableau, data analysis, scikit-learn",Data Scientist
"sql, machine learning, python, scikit-learn",Data Scientist
"tableau, machine learning, pandas, pytorch, numpy",Data Scientist
"machine learning, r, data analysis, deep learning, statistics, pandas, python",Data Scientist
"pandas, python, machine learning, scikit-learn, data analysis, statistics",Data Scientist
"statistics, tableau, pytorch, tensorflow",Data Scientist
"tensorflow, pandas, statistics, tableau",Data Scientist
"scikit-learn, tableau, sql, machine learning, pandas, data analysis, python",Data Scientist
"deep learning, tableau, sql, pytorch, tensorflow",Data Scientist
"pandas, tensorflow, data analysis, deep learning, tableau, pytorch, scikit-learn",Data Scientist
"tableau, pandas, pytorch, python, r",Data Scientist
"tableau, python, r, numpy, sql",Data Scientist
"r, sql, tableau, python, pandas, scikit-learn",Data Scientist
"sql, statistics, tensorflow, machine learning",Data Scientist
"deep learning, tableau, python, r",Data Scientist
"tableau, statistics, pytorch, scikit-learn, tensorflow, pandas",Data Scientist
"tableau, machine learning, r, deep learning",Data Scientist
"pytorch, pandas, sql, r",Data Scientist
"pytorch, scikit-learn, deep learning, r, data analysis",Data Scientist
"numpy, sql, pandas, scikit-learn, tensorflow",Data Scientist
"sql, machine learning, tableau, scikit-learn, tensorflow, statistics, pytorch",Data Scientist
"statistics, r, tensorflow, data analysis",Data Scientist
"tableau, statistics, numpy, python, r",Data Scientist
"python, tableau, sql, numpy, machine learning, r",Data Scientist
"python, r, pytorch, pandas, deep learning",Data Scientist
"statistics, numpy, data analysis, sql, tableau, machine learning, r",Data Scientist
"pandas, data analysis, tensorflow, python, tableau, deep learning, pytorch",Data Scientist
"tensorflow, pytorch, r, pandas, python, sql",Data Scientist
"tableau, numpy, python, deep learning, sql",Data Scientist
"statistics, deep learning, scikit-learn, pytorch, numpy, r, pandas",Data Scientist
"r, pytorch, tableau, deep learning",Data Scientist
"tableau, machine learning, statistics, tensorflow, r",Data Scientist
"r, python, data analysis, tableau, machine learning",Data Scientist
"python, deep learning, tableau, tensorflow, pytorch, data analysis",Data Scientist
"scikit-learn, data analysis, numpy, python, r, sql, tensorflow",Data Scientist
"pandas, sql, numpy, r, python, tableau, machine learning",Data Scientist
"python, tensorflow, pandas, sql, tableau, scikit-learn, numpy",Data Scientist
"pandas, sql, tableau, deep learning, statistics",Data Scientist
"scikit-learn, r, machine learning, pandas, deep learning, python",Data Scientist
"deep learning, numpy, sql, machine learning",Data Scientist
"pandas, python, tensorflow, deep learning, machine learning, pytorch",Data Scientist
"pandas, scikit-learn, tensorflow, tableau, statistics",Data Scientist
"pytorch, tensorflow, scikit-learn, machine learning, numpy, pandas",Data Scientist
"tableau, python, machine learning, scikit-learn, statistics, pandas",Data Scientist
"r, statistics, tableau, sql, pytorch, tensorflow",Data Scientist
"numpy, pandas, pytorch, data analysis, tableau, statistics",Data Scientist
"deep learning, machine learning, data analysis, pandas, scikit-learn, tensorflow, python",Data Scientist
"numpy, machine learning, deep learning, pandas, pytorch, scikit-learn",Data Scientist
"r, python, deep learning, pytorch, scikit-learn",Data Scientist
"python, r, numpy, tableau, scikit-learn, statistics",Data Scientist
"pandas, numpy, pytorch, deep learning",Data Scientist
"sql, numpy, r, tensorflow, pandas, data analysis, tableau",Data Scientist
"machine learning, pytorch, tensorflow, deep learning",Data Scientist
"python, data analysis, sql, pytorch, tensorflow, deep learning, tableau",Data Scientist
"statistics, python, data analysis, tensorflow, scikit-learn, tableau",Data Scientist
"pandas, tensorflow, tableau, r, data analysis",Data Scientist
"r, tableau, sql, statistics",Data Scientist
"r, numpy, statistics, scikit-learn, tableau, pandas",Data Scientist
"r, tableau, tensorflow, machine learning",Data Scientist
"numpy, statistics, tensorflow, scikit-learn, deep learning, pytorch, machine learning",Data Scientist
"numpy, python, r, deep learning, scikit-learn, data analysis",Data Scientist
"tableau, sql, pytorch, tensorflow, python, scikit-learn",Data Scientist
"pandas, data analysis, statistics, sql, machine learning",Data Scientist
"scikit-learn, deep learning, tableau, pandas, data analysis",Data Scientist
"tableau, machine learning, deep learning, numpy",Data Scientist
"sql, pytorch, deep learning, statistics",Data Scientist
"tableau, deep learning, sql, scikit-learn, machine learning, statistics",Data Scientist
"tableau, r, deep learning, statistics",Data Scientist
"tableau, deep learning, machine learning, pandas, sql, data analysis",Data Scientist
"pytorch, numpy, statistics, deep learning, pandas, tensorflow",Data Scientist
"pandas, statistics, r, scikit-learn, deep learning",Data Scientist
"r, sql, numpy, deep learning",Data Scientist
"tensorflow, r, numpy, deep learning, machine learning",Data Scientist
"tensorflow, statistics, scikit-learn, pytorch, sql, python",Data Scientist
"machine learning, sql, r, python",Data Scientist
"machine learning, deep learning, numpy, scikit-learn, python",Data Scientist
"sql, pytorch, machine learning, python, statistics, numpy",Data Scientist
"deep learning, machine learning, sql, r, python, tensorflow, data analysis",Data Scientist
"tableau, pandas, tensorflow, sql, data analysis",Data Scientist
"numpy, data analysis, python, r, scikit-learn, tableau, machine learning",Data Scientist
"statistics, data analysis, deep learning, r, numpy, scikit-learn, pandas",Data Scientist
"python, machine learning, statistics, tensorflow",Data Scientist
"tableau, sql, pytorch, tensorflow, machine learning, numpy",Data Scientist
"tensorflow, tableau, r, numpy, deep learning, scikit-learn",Data Scientist
"numpy, pandas, deep learning, data analysis, machine learning, tensorflow",Data Scientist
"python, tableau, statistics, tensorflow, numpy, deep learning",Data Scientist
"python, pytorch, numpy, machine learning, deep learning",Data Scientist
"python, scikit-learn, deep learning, machine learning, pandas",Data Scientist
"statistics, pytorch, sql, data analysis, deep learning, tableau, tensorflow",Data Scientist
"sql, tensorflow, deep learning, statistics",Data Scientist
"statistics, r, python, scikit-learn, machine learning, tensorflow",Data Scientist
"numpy, deep learning, scikit-learn, machine learning, pytorch, r",Data Scientist
"deep learning, python, numpy, scikit-learn",Data Scientist
"tableau, pytorch, pandas, sql",Data Scientist
"deep learning, python, pytorch, statistics, numpy, tensorflow, r",Data Scientist
"tableau, tensorflow, r, python",Data Scientist
"deep learning, python, tensorflow, pandas",Data Scientist
"deep learning, machine learning, statistics, tensorflow, tableau, scikit-learn",Data Scientist
"statistics, machine learning, data analysis, sql, deep learning, tableau, pytorch",Data Scientist
"deep learning, python, data analysis, pandas, scikit-learn, pytorch",Data Scientist
"pytorch, sql, numpy, pandas, statistics, tableau, data analysis",Data Scientist
"machine learning, deep learning, tensorflow, scikit-learn",Data Scientist
"deep learning, numpy, tableau, r, statistics, scikit-learn, machine learning",Data Scientist
"sql, r, pytorch, scikit-learn",Data Scientist
"pandas, r, numpy, machine learning",Data Scientist
"tableau, numpy, sql, data analysis, pandas, tensorflow, scikit-learn",Data Scientist
"deep learning, statistics, pytorch, machine learning, numpy, tableau",Data Scientist
"numpy, machine learning, tensorflow, pandas, deep learning",Data Scientist
"numpy, statistics, pandas, python, deep learning, machine learning, sql",Data Scientist
"statistics, r, pytorch, tableau",Data Scientist
"deep learning, data analysis, python, r, tensorflow",Data Scientist
"deep learning, python, data analysis, tableau, statistics, pytorch",Data Scientist
"tensorflow, python, sql, pandas, r",Data Scientist
"statistics, numpy, scikit-learn, tableau, data analysis",Data Scientist
"numpy, machine learning, tableau, pytorch, pandas, r",Data Scientist
"python, tableau, pandas, scikit-learn, tensorflow",Data Scientist
"tensorflow, numpy, machine learning, pandas, scikit-learn",Data Scientist
"sql, machine learning, python, data analysis, deep learning, numpy",Data Scientist
"tableau, pytorch, sql, tensorflow, data analysis",Data Scientist
"python, scikit-learn, pytorch, statistics, deep learning, sql, pandas",Data Scientist
"pytorch, python, tensorflow, r, tableau, numpy, data analysis",Data Scientist
"numpy, pandas, tableau, scikit-learn, data analysis",Data Scientist
"sql, r, numpy, scikit-learn, tableau, deep learning, data analysis",Data Scientist
"deep learning, sql, data analysis, pytorch, numpy",Data Scientist
"statistics, tensorflow, scikit-learn, pandas, tableau",Data Scientist
"numpy, tableau, scikit-learn, sql, tensorflow, statistics, data analysis",Data Scientist
"pandas, numpy, statistics, data analysis",Data Scientist
"data analysis, pytorch, scikit-learn, machine learning, python",Data Scientist
"statistics, r, tensorflow, pandas, data analysis, sql",Data Scientist
"pandas, pytorch, numpy, machine learning, tableau",Data Scientist
"python, tensorflow, tableau, deep learning, numpy, data analysis",Data Scientist
"python, machine learning, numpy, data analysis",Data Scientist
"data analysis, python, sql, tensorflow, numpy, pytorch, scikit-learn",Data Scientist
"r, machine learning, pandas, statistics, numpy, pytorch, tableau",Data Scientist
"tableau, python, r, machine learning",Data Scientist
"pandas, scikit-learn, sql, numpy, deep learning",Data Scientist
"tableau, deep learning, numpy, python",Data Scientist
"python, sql, pandas, scikit-learn, deep learning, tableau",Data Scientist
"deep learning, scikit-learn, machine learning, tableau, sql",Data Scientist
"machine learning, scikit-learn, sql, deep learning, python",Data Scientist
"numpy, tableau, data analysis, statistics, deep learning, pandas",Data Scientist
"pandas, pytorch, machine learning, numpy",Data Scientist
"machine learning, scikit-learn, statistics, python, pytorch",Data Scientist
"statistics, tableau, sql, numpy",Data Scientist
"statistics, deep learning, python, tensorflow, r",Data Scientist
"tensorflow, sql, numpy, tableau, r, deep learning, pandas",Data Scientist
"tableau, machine learning, deep learning, r, python, numpy",Data Scientist
"data analysis, machine learning, deep learning, scikit-learn, tableau, numpy, tensorflow",Data Scientist
"python, statistics, r, tableau, deep learning, numpy, tensorflow",Data Scientist
"pytorch, tableau, pandas, machine learning",Data Scientist
"machine learning, data analysis, sql, r",Data Scientist
"pytorch, data analysis, sql, tensorflow, tableau, python",Data Scientist
"machine learning, pandas, scikit-learn, data analysis, pytorch, r",Data Scientist
"tensorflow, numpy, sql, deep learning",Data Scientist
"pytorch, sql, tensorflow, data analysis, numpy",Data Scientist
"pytorch, pandas, r, scikit-learn",Data Scientist
"sql, pytorch, machine learning, numpy, deep learning, tableau",Data Scientist
"scikit-learn, pytorch, pandas, numpy, tableau",Data Scientist
"pandas, r, sql, statistics, data analysis",Data Scientist
"sql, data analysis, numpy, statistics, r, pandas, python",Data Scientist
"r, tensorflow, python, deep learning, sql",Data Scientist
"python, sql, numpy, r, tensorflow, scikit-learn",Data Scientist
"pytorch, scikit-learn, sql, r, data analysis",Data Scientist
"sql, pytorch, r, statistics, pandas, python, scikit-learn",Data Scientist
"python, data analysis, sql, pytorch, machine learning",Data Scientist
"tableau, tensorflow, r, numpy",Data Scientist
"tableau, numpy, machine learning, scikit-learn, statistics, pytorch, python",Data Scientist
"tensorflow, r, scikit-learn, machine learning, numpy, deep learning",Data Scientist
"scikit-learn, tableau, statistics, pandas, tensorflow, pytorch",Data Scientist
"pytorch, tableau, r, machine learning",Data Scientist
"machine learning, pandas, statistics, tableau",Data Scientist
"tableau, pandas, sql, python, r, numpy, deep learning",Data Scientist
"sql, scikit-learn, statistics, tensorflow",Data Scientist
"scikit-learn, machine learning, deep learning, r, python, pytorch",Data Scientist
"sql, r, tensorflow, numpy",Data Scientist
"tensorflow, numpy, pandas, sql, machine learning",Data Scientist
"python, data analysis, statistics, pytorch",Data Scientist
"data analysis, r, tensorflow, pytorch, deep learning, pandas, scikit-learn",Data Scientist
"scikit-learn, tensorflow, r, pytorch, sql",Data Scientist
"pytorch, data analysis, tensorflow, deep learning, pandas",Data Scientist
"python, tableau, pytorch, sql, data analysis",Data Scientist
"numpy, tensorflow, deep learning, scikit-learn, sql, python, pandas",Data Scientist
"tensorflow, statistics, pandas, pytorch, deep learning, sql",Data Scientist
"deep learning, scikit-learn, python, tableau",Data Scientist
"data analysis, machine learning, pandas, tableau, pytorch, scikit-learn, numpy",Data Scientist
"tableau, statistics, python, deep learning, sql",Data Scientist
"r, numpy, pandas, statistics",Data Scientist
"tableau, scikit-learn, sql, numpy",Data Scientist
"r, data analysis, tensorflow, statistics, scikit-learn",Data Scientist
"tableau, sql, machine learning, pytorch",Data Scientist
"tableau, tensorflow, deep learning, python, r, sql",Data Scientist
"machine learning, tensorflow, statistics, deep learning, pandas, r",Data Scientist
"machine learning, r, tensorflow, sql, statistics, pandas",Data Scientist
"deep learning, r, tableau, scikit-learn, data analysis, sql",Data Scientist
"pytorch, r, pandas, scikit-learn, statistics, deep learning, data analysis",Data Scientist
"pandas, sql, numpy, data analysis, scikit-learn, machine learning, tensorflow",Data Scientist
"machine learning, python, sql, data analysis, r, pandas, statistics",Data Scientist
"numpy, data analysis, sql, r, tensorflow",Data Scientist
"pandas, sql, tableau, deep learning, machine learning, data analysis",Data Scientist
"data analysis, machine learning, tensorflow, numpy, python, scikit-learn, sql",Data Scientist
"statistics, numpy, pandas, deep learning, data analysis, sql, r",Data Scientist
"tensorflow, scikit-learn, deep learning, statistics, pytorch, numpy",Data Scientist
"scikit-learn, sql, machine learning, r, tableau, python",Data Scientist
"tensorflow, sql, machine learning, python, data analysis, r, numpy",Data Scientist
"r, pytorch, tensorflow, deep learning, pandas",Data Scientist
"sql, python, tensorflow, numpy, statistics",Data Scientist
"python, scikit-learn, machine learning, deep learning",Data Scientist
"r, tensorflow, statistics, numpy, scikit-learn, pandas, data analysis",Data Scientist
"tableau, scikit-learn, numpy, r, statistics, machine learning, python",Data Scientist
"data analysis, tensorflow, deep learning, tableau, statistics, scikit-learn, pandas",Data Scientist
"deep learning, scikit-learn, statistics, python",Data Scientist
"tableau, deep learning, scikit-learn, pytorch",Data Scientist
"machine learning, sql, deep learning, python, data analysis, tableau",Data Scientist
"numpy, python, pytorch, machine learning, statistics",Data Scientist
"numpy, data analysis, scikit-learn, statistics, machine learning",Data Scientist
"python, machine learning, sql, data analysis, tensorflow",Data Scientist
"data analysis, tableau, statistics, machine learning, r",Data Scientist
"deep learning, tableau, r, statistics, pytorch, scikit-learn, python",Data Scientist
"tensorflow, machine learning, data analysis, r",Data Scientist
"tensorflow, data analysis, python, machine learning",Data Scientist
"typescript, frontend, nextjs, express, javascript, mongodb, tailwind",Web Developer
"express, mongodb, frontend, angular, nextjs",Web Developer
"typescript, express, vue, node, frontend, html, react",Web Developer
"tailwind, mongodb, node, angular, nextjs",Web Developer
"angular, node, javascript, css",Web Developer
"angular, tailwind, css, react, vue, backend",Web Developer
"node, tailwind, frontend, vue, javascript, angular, backend",Web Developer
"html, tailwind, frontend, angular, react, node, typescript",Web Developer
"tailwind, nextjs, mongodb, vue, node",Web Developer
"typescript, tailwind, html, express, css, javascript",Web Developer
"mongodb, express, react, nextjs",Web Developer
"node, javascript, tailwind, css, angular, react, html",Web Developer
"react, html, node, vue, tailwind",Web Developer
"frontend, css, angular, html, typescript",Web Developer
"javascript, express, css, node, typescript, vue",Web Developer
"html, frontend, css, express, react, vue, typescript",Web Developer
"frontend, nextjs, typescript, node, backend",Web Developer
"mongodb, react, backend, javascript, nextjs",Web Developer
"html, react, express, vue, tailwind, frontend",Web Developer
"frontend, node, html, javascript, react, tailwind",Web Developer
"nextjs, css, react, vue, express",Web Developer
"express, css, typescript, nextjs, angular, html",Web Developer
"frontend, typescript, express, mongodb, html",Web Developer
"mongodb, express, backend, react, angular",Web Developer
"node, angular, html, tailwind, nextjs, backend",Web Developer
"typescript, mongodb, react, javascript, express",Web Developer
"express, tailwind, css, html, backend, typescript, frontend",Web Developer
"typescript, mongodb, tailwind, node",Web Developer
"typescript, html, backend, vue",Web Developer
"javascript, frontend, node, mongodb, react",Web Developer
"css, frontend, tailwind, react, javascript, angular, mongodb",Web Developer
"frontend, backend, express, javascript, react, tailwind",Web Developer
"express, javascript, typescript, backend",Web Developer
"typescript, mongodb, tailwind, vue, react, nextjs, angular",Web Developer
"backend, angular, express, frontend",Web Developer
"angular, html, mongodb, node, react, express, vue",Web Developer
"backend, angular, typescript, mongodb",Web Developer
"express, mongodb, backend, html, typescript, javascript",Web Developer
"mongodb, express, html, vue, backend, node",Web Developer
"frontend, angular, tailwind, html, mongodb",Web Developer
"javascript, node, angular, html",Web Developer
"react, tailwind, typescript, backend, css, html",Web Developer
"vue, mongodb, html, react",Web Developer
"node, react, typescript, html, mongodb",Web Developer
"javascript, express, frontend, css, html, vue, typescript",Web Developer
"mongodb, css, html, javascript, nextjs, express",Web Developer
"vue, express, node, backend, css, html, javascript",Web Developer
"express, frontend, mongodb, html, backend",Web Developer
"backend, mongodb, frontend, express",Web Developer
"backend, css, vue, tailwind, frontend, node",Web Developer
"javascript, angular, tailwind, mongodb, vue",Web Developer
"javascript, mongodb, typescript, tailwind, css, express",Web Developer
"backend, angular, vue, css, express",Web Developer
"angular, frontend, vue, backend, tailwind",Web Developer
"typescript, css, html, backend",Web Developer
"node, javascript, angular, css, nextjs, vue, typescript",Web Developer
"html, css, frontend, vue",Web Developer
"frontend, tailwind, react, nextjs, mongodb, backend, node",Web Developer
"mongodb, typescript, nextjs, vue, node, tailwind",Web Developer
"css, vue, tailwind, nextjs, express, html",Web Developer
"backend, frontend, nextjs, react",Web Developer
"express, angular, typescript, backend, vue, mongodb",Web Developer
"tailwind, express, react, css, angular, vue",Web Developer
"angular, frontend, tailwind, html, javascript",Web Developer
"angular, backend, typescript, node, javascript, vue",Web Developer
"html, frontend, node, vue, react",Web Developer
"react, frontend, javascript, html",Web Developer
"tailwind, vue, typescript, angular, react, node",Web Developer
"javascript, css, html, react, nextjs, frontend",Web Developer
"html, angular, vue, mongodb, tailwind",Web Developer
"typescript, react, css, node, angular, express",Web Developer
"javascript, express, typescript, react, css",Web Developer
"html, tailwind, node, nextjs, backend, mongodb",Web Developer
"nextjs, express, html, mongodb, backend, angular, vue",Web Developer
"angular, nextjs, backend, css, react, frontend, express",Web Developer
"angular, javascript, mongodb, vue, typescript, backend, express",Web Developer
"node, mongodb, nextjs, tailwind, html, backend, vue",Web Developer
"css, react, express, mongodb",Web Developer
"react, vue, express, html",Web Developer
"typescript, mongodb, nextjs, tailwind, html, backend",Web Developer
"css, vue, frontend, typescript, html, mongodb",Web Developer
"css, react, node, tailwind, mongodb, html, vue",Web Developer
"react, frontend, javascript, typescript, mongodb, vue, nextjs",Web Developer
"node, tailwind, frontend, javascript, vue",Web Developer
"typescript, nextjs, express, tailwind, css, html, node",Web Developer
"express, tailwind, frontend, react",Web Developer
"frontend, react, tailwind, html, mongodb, typescript",Web Developer
"node, nextjs, html, mongodb, backend",Web Developer
"node, nextjs, javascript, angular",Web Developer
"css, node, mongodb, tailwind, html, angular",Web Developer
"mongodb, angular, backend, react, html",Web Developer
"backend, javascript, nextjs, react, tailwind, express",Web Developer
"nextjs, tailwind, node, frontend",Web Developer
"html, javascript, react, nextjs, vue, mongodb",Web Developer
"css, frontend, express, react, angular",Web Developer
"html, mongodb, node, typescript, vue, javascript, nextjs",Web Developer
"css, tailwind, html, javascript",Web Developer
"angular, tailwind, nextjs, vue, css, react, typescript",Web Developer
"angular, node, tailwind, html, frontend, nextjs",Web Developer
"vue, react, nextjs, angular",Web Developer
"javascript, express, frontend, backend, mongodb, tailwind",Web Developer
"express, react, html, javascript",Web Developer
"typescript, vue, nextjs, javascript, frontend",Web Developer
"javascript, backend, typescript, frontend, angular, react",Web Developer
"node, vue, css, backend",Web Developer
"nextjs, frontend, backend, vue, css, express, node",Web Developer
"backend, angular, node, react",Web Developer
"angular, node, vue, typescript, html, express, react",Web Developer
"css, javascript, nextjs, express, angular",Web Developer
"node, typescript, backend, frontend",Web Developer
"node, backend, nextjs, tailwind, javascript",Web Developer
"react, node, backend, vue, javascript, nextjs",Web Developer
"html, react, node, backend, nextjs",Web Developer
"react, nextjs, mongodb, backend, javascript",Web Developer
"nextjs, css, vue, typescript",Web Developer
"nextjs, javascript, html, node, express, backend, angular",Web Developer
"mongodb, express, angular, vue, backend, tailwind, node",Web Developer
"vue, typescript, backend, nextjs, javascript, css",Web Developer
"nextjs, javascript, tailwind, react, frontend",Web Developer
"mongodb, angular, vue, node, tailwind, nextjs, javascript",Web Developer
"css, react, html, tailwind, typescript",Web Developer
"node, backend, html, nextjs, express, frontend",Web Developer
"express, tailwind, node, vue, react",Web Developer
"node, backend, tailwind, react, express",Web Developer
"typescript, vue, react, node, mongodb",Web Developer
"vue, express, html, nextjs, react, mongodb, node",Web Developer
"node, frontend, nextjs, angular, typescript",Web Developer
"react, angular, vue, node",Web Developer
"mongodb, css, angular, vue, frontend, typescript",Web Developer
"vue, express, css, react, nextjs, mongodb, node",Web Developer
"javascript, frontend, vue, node",Web Developer
"frontend, react, javascript, nextjs, html",Web Developer
"frontend, typescript, nextjs, backend, javascript, angular, express",Web Developer
"nextjs, html, tailwind, vue, angular, frontend",Web Developer
"vue, express, javascript, css, react",Web Developer
"tailwind, express, backend, css, nextjs, mongodb, vue",Web Developer
"typescript, html, css, express, javascript, frontend, angular",Web Developer
"node, angular, typescript, javascript",Web Developer
"mongodb, backend, html, angular, typescript, react",Web Developer
"backend, tailwind, typescript, node",Web Developer
"vue, tailwind, react, mongodb, typescript, angular",Web Developer
"css, angular, node, html, vue, backend, typescript",Web Developer
"react, node, vue, typescript, mongodb, nextjs",Web Developer
"html, react, css, node",Web Developer
"angular, javascript, mongodb, nextjs, frontend, express",Web Developer
"typescript, tailwind, backend, node, html, react, angular",Web Developer
"express, typescript, frontend, backend, nextjs, javascript",Web Developer
"javascript, html, typescript, frontend, css",Web Developer
"vue, html, express, frontend",Web Developer
"backend, css, html, react, vue, nextjs, frontend",Web Developer
"react, typescript, css, html, express",Web Developer
"vue, tailwind, html, express",Web Developer
"vue, backend, angular, node, css, mongodb, express",Web Developer
"frontend, react, angular, vue, typescript, html",Web Developer
"nextjs, html, frontend, node, vue",Web Developer
"react, node, tailwind, javascript, angular",Web Developer
"backend, frontend, typescript, css",Web Developer
"mongodb, typescript, node, react, nextjs",Web Developer
"html, tailwind, vue, backend",Web Developer
"angular, tailwind, frontend, javascript",Web Developer
"vue, angular, nextjs, mongodb, html",Web Developer
"express, angular, css, mongodb, node, nextjs",Web Developer
"frontend, typescript, express, vue, backend, nextjs, css",Web Developer
"frontend, angular, tailwind, express, backend, css",Web Developer
"nextjs, vue, typescript, css, html",Web Developer
"express, react, vue, javascript, nextjs, frontend",Web Developer
"css, mongodb, express, angular, node",Web Developer
"react, css, nextjs, frontend, express",Web Developer
"css, node, html, mongodb, tailwind, express",Web Developer
"react, css, nextjs, html, mongodb, angular",Web Developer
"mongodb, typescript, nextjs, tailwind, frontend, javascript",Web Developer
"vue, backend, express, tailwind, javascript, angular",Web Developer
"frontend, typescript, vue, html, react, mongodb, angular",Web Developer
"vue, angular, mongodb, express, javascript, react",Web Developer
"nextjs, tailwind, backend, express",Web Developer
"tailwind, css, react, node, typescript, nextjs, angular",Web Developer
"vue, backend, tailwind, css, mongodb, angular",Web Developer
"html, vue, mongodb, javascript, node",Web Developer
"express, typescript, javascript, mongodb",Web Developer
"typescript, nextjs, node, html, express, react",Web Developer
"tailwind, express, backend, react",Web Developer
"nextjs, css, typescript, angular, tailwind, mongodb, frontend",Web Developer
"mongodb, angular, html, typescript, frontend, express",Web Developer
"react, tailwind, node, html, mongodb",Web Developer
"nextjs, tailwind, mongodb, backend",Web Developer
"frontend, nextjs, node, tailwind, backend, express",Web Developer
"nextjs, angular, mongodb, react, typescript, frontend",Web Developer
"angular, css, tailwind, mongodb, javascript, frontend, nextjs",Web Developer
"css, nextjs, javascript, backend, mongodb",Web Developer
"backend, angular, typescript, javascript",Web Developer
"html, backend, nextjs, react, vue",Web Developer
"frontend, html, css, typescript, javascript, mongodb, tailwind",Web Developer
"backend, angular, css, typescript, javascript",Web Developer
"tailwind, angular, css, react, express, typescript, node",Web Developer
"nextjs, backend, typescript, react, mongodb, html",Web Developer
"backend, tailwind, angular, frontend, express, mongodb",Web Developer
"mongodb, javascript, frontend, react, express, nextjs",Web Developer
"typescript, backend, vue, tailwind, node, express",Web Developer
"node, react, express, angular, mongodb, frontend, backend",Web Developer
"node, mongodb, vue, html",Web Developer
"mongodb, javascript, nextjs, react, backend, css, express",Web Developer
"typescript, express, nextjs, mongodb, vue, css",Web Developer
"frontend, javascript, node, express",Web Developer
"typescript, nextjs, tailwind, express",Web Developer
"vue, typescript, css, tailwind, frontend",Web Developer
"tailwind, frontend, javascript, nextjs, mongodb, html",Web Developer
"html, css, vue, tailwind, backend",Web Developer
"typescript, javascript, css, node",Web Developer
"angular, nextjs, node, typescript, css",Web Developer
"tailwind, express, vue, react, frontend, mongodb, javascript",Web Developer
"vue, mongodb, express, node",Web Developer
"javascript, tailwind, css, backend, angular, express, vue",Web Developer
"backend, angular, vue, frontend, react, mongodb, css",Web Developer
"node, vue, typescript, frontend",Web Developer
"css, express, nextjs, tailwind",Web Developer
"nextjs, html, javascript, node, angular, frontend, vue",Web Developer
"backend, typescript, node, nextjs, javascript, css",Web Developer
"node, javascript, react, backend",Web Developer
"typescript, tailwind, vue, backend, frontend",Web Developer
"frontend, express, tailwind, css, nextjs, react, mongodb",Web Developer
"mongodb, vue, html, frontend",Web Developer
"node, frontend, tailwind, express, mongodb",Web Developer
"typescript, tailwind, frontend, vue",Web Developer
"express, react, frontend, tailwind, mongodb, vue",Web Developer
"node, vue, express, typescript",Web Developer
"typescript, mongodb, tailwind, vue, express, nextjs",Web Developer
"css, vue, html, javascript",Web Developer
"angular, frontend, react, html",Web Developer
"node, tailwind, frontend, typescript, backend, react, nextjs",Web Developer
"angular, frontend, mongodb, node, vue",Web Developer
"typescript, frontend, react, vue, node, express",Web Developer
"html, node, backend, tailwind, vue, nextjs",Web Developer
"node, express, html, vue, javascript, react",Web Developer
"nextjs, mongodb, node, typescript, vue, angular, backend",Web Developer
"angular, frontend, react, javascript, nextjs, css",Web Developer
"angular, backend, javascript, nextjs, node",Web Developer
"typescript, node, express, html, mongodb",Web Developer
"express, backend, nextjs, tailwind, vue",Web Developer
"vue, javascript, mongodb, typescript, nextjs, node, express",Web Developer
"mongodb, node, vue, react, nextjs, express, html",Web Developer
"javascript, tailwind, nextjs, typescript, html, backend, react",Web Developer
"html, frontend, tailwind, mongodb, nextjs",Web Developer
"angular, mongodb, express, javascript, typescript, frontend",Web Developer
"vue, javascript, html, node, react",Web Developer
"typescript, angular, css, backend",Web Developer
"mongodb, tailwind, nextjs, html, express, javascript, vue",Web Developer
"nextjs, angular, tailwind, react, mongodb, vue",Web Developer
"angular, backend, vue, tailwind, node, nextjs, mongodb",Web Developer
"backend, react, vue, mongodb",Web Developer
"node, express, mongodb, typescript",Web Developer
"content strategy, copywriting, sem, social media, marketing, meta ads, branding",Digital Marketer
"seo, sem, email marketing, marketing, analytics, google ads, copywriting",Digital Marketer
"email marketing, social media, seo, copywriting, branding",Digital Marketer
"social media, google ads, content strategy, branding, seo, analytics, meta ads",Digital Marketer
"marketing, analytics, seo, meta ads, email marketing, content strategy",Digital Marketer
"google ads, social media, meta ads, content strategy",Digital Marketer
"content strategy, marketing, social media, seo, branding, sem",Digital Marketer
"copywriting, content strategy, sem, branding, marketing",Digital Marketer
"copywriting, marketing, branding, analytics, email marketing, seo, meta ads",Digital Marketer
"analytics, email marketing, branding, seo, copywriting",Digital Marketer
"content strategy, email marketing, marketing, social media, sem, meta ads",Digital Marketer
"social media, copywriting, seo, analytics",Digital Marketer
"marketing, copywriting, branding, sem, email marketing, content strategy, meta ads",Digital Marketer
"marketing, copywriting, analytics, content strategy, sem, meta ads",Digital Marketer
"marketing, analytics, email marketing, branding, google ads, copywriting",Digital Marketer
"marketing, social media, sem, email marketing, branding, meta ads, google ads",Digital Marketer
"sem, copywriting, google ads, seo, content strategy, social media, email marketing",Digital Marketer
"sem, seo, analytics, branding, copywriting, google ads",Digital Marketer
"meta ads, copywriting, sem, google ads",Digital Marketer
"content strategy, meta ads, sem, copywriting, google ads, seo",Digital Marketer
"copywriting, content strategy, seo, meta ads, social media, analytics",Digital Marketer
"seo, branding, marketing, content strategy, analytics",Digital Marketer
"sem, email marketing, content strategy, branding, seo, google ads",Digital Marketer
"copywriting, branding, marketing, content strategy, seo, analytics",Digital Marketer
"branding, analytics, content strategy, marketing, sem, google ads, copywriting",Digital Marketer
"email marketing, analytics, marketing, copywriting, content strategy",Digital Marketer
"seo, copywriting, email marketing, social media",Digital Marketer
"social media, marketing, analytics, branding, content strategy, copywriting",Digital Marketer
"content strategy, social media, seo, marketing",Digital Marketer
"content strategy, google ads, email marketing, social media",Digital Marketer
"social media, analytics, google ads, email marketing, marketing, copywriting, meta ads",Digital Marketer
"marketing, copywriting, email marketing, seo",Digital Marketer
"branding, social media, analytics, sem, google ads",Digital Marketer
"meta ads, email marketing, social media, sem, copywriting, branding",Digital Marketer
"copywriting, meta ads, analytics, social media, content strategy",Digital Marketer
"email marketing, seo, google ads, analytics",Digital Marketer
"meta ads, social media, copywriting, marketing, content strategy, seo",Digital Marketer
"sem, branding, marketing, google ads",Digital Marketer
"seo, analytics, content strategy, branding, social media, copywriting, email marketing",Digital Marketer
"seo, copywriting, social media, email marketing, meta ads",Digital Marketer
"analytics, email marketing, marketing, meta ads",Digital Marketer
"meta ads, email marketing, sem, marketing, social media",Digital Marketer
"sem, email marketing, google ads, seo",Digital Marketer
"email marketing, seo, google ads, branding, content strategy, meta ads, marketing",Digital Marketer
"content strategy, meta ads, sem, seo, analytics, google ads",Digital Marketer
"copywriting, marketing, content strategy, google ads",Digital Marketer
"social media, google ads, marketing, seo, content strategy",Digital Marketer
"copywriting, social media, meta ads, sem, marketing",Digital Marketer
"analytics, branding, content strategy, marketing",Digital Marketer
"google ads, content strategy, copywriting, seo, branding",Digital Marketer
"marketing, email marketing, sem, google ads, analytics, meta ads",Digital Marketer
"content strategy, sem, seo, email marketing",Digital Marketer
"seo, copywriting, email marketing, social media, google ads, analytics, sem",Digital Marketer
"sem, seo, social media, email marketing, meta ads, copywriting",Digital Marketer
"marketing, copywriting, seo, sem, social media",Digital Marketer
"copywriting, sem, seo, analytics",Digital Marketer
"seo, meta ads, sem, copywriting, branding, email marketing",Digital Marketer
"email marketing, meta ads, copywriting, content strategy",Digital Marketer
"seo, analytics, google ads, marketing, email marketing, branding",Digital Marketer
"social media, seo, sem, analytics, email marketing",Digital Marketer
"social media, branding, analytics, google ads, copywriting",Digital Marketer
"content strategy, sem, google ads, social media, branding",Digital Marketer
"sem, google ads, analytics, content strategy",Digital Marketer
"seo, branding, copywriting, email marketing, meta ads",Digital Marketer
"email marketing, seo, marketing, content strategy, copywriting",Digital Marketer
"analytics, branding, social media, copywriting, marketing",Digital Marketer
"analytics, seo, email marketing, content strategy, copywriting, google ads, branding",Digital Marketer
"google ads, email marketing, seo, copywriting",Digital Marketer
"analytics, meta ads, seo, content strategy, social media",Digital Marketer
"content strategy, social media, email marketing, analytics",Digital Marketer
"meta ads, sem, google ads, email marketing, marketing, branding, social media",Digital Marketer
"email marketing, analytics, marketing, branding, seo",Digital Marketer
"content strategy, seo, email marketing, analytics",Digital Marketer
"copywriting, google ads, branding, social media, seo, marketing",Digital Marketer
"social media, analytics, seo, google ads, content strategy",Digital Marketer
"sem, marketing, seo, branding, content strategy",Digital Marketer
"email marketing, marketing, seo, sem",Digital Marketer
"analytics, meta ads, google ads, seo, content strategy, branding",Digital Marketer
"social media, meta ads, content strategy, copywriting, branding, analytics, sem",Digital Marketer
"social media, marketing, copywriting, analytics, content strategy, email marketing, seo",Digital Marketer
"branding, social media, marketing, meta ads, google ads",Digital Marketer
"social media, marketing, sem, google ads, email marketing, analytics, copywriting",Digital Marketer
"sem, social media, google ads, content strategy, copywriting, email marketing, marketing",Digital Marketer
"marketing, content strategy, meta ads, analytics",Digital Marketer
"google ads, email marketing, analytics, copywriting, content strategy",Digital Marketer
"email marketing, copywriting, social media, seo, content strategy",Digital Marketer
"meta ads, content strategy, google ads, social media, seo",Digital Marketer
"content strategy, seo, social media, email marketing, branding, google ads, copywriting",Digital Marketer
"marketing, seo, content strategy, email marketing",Digital Marketer
"google ads, seo, social media, marketing",Digital Marketer
"content strategy, social media, seo, marketing, email marketing, meta ads",Digital Marketer
"content strategy, meta ads, sem, branding, marketing, seo",Digital Marketer
"social media, seo, meta ads, google ads",Digital Marketer
"branding, analytics, google ads, content strategy",Digital Marketer
"seo, content strategy, copywriting, google ads",Digital Marketer
"content strategy, sem, social media, email marketing, google ads",Digital Marketer
"branding, analytics, marketing, google ads, email marketing, social media",Digital Marketer
"sem, meta ads, social media, email marketing",Digital Marketer
"marketing, sem, copywriting, social media",Digital Marketer
"google ads, seo, sem, marketing",Digital Marketer
"sem, copywriting, google ads, seo, social media, email marketing, branding",Digital Marketer
"google ads, copywriting, branding, meta ads, marketing",Digital Marketer
"analytics, meta ads, social media, content strategy, email marketing, google ads, sem",Digital Marketer
"content strategy, analytics, meta ads, sem",Digital Marketer
"sem, social media, google ads, analytics",Digital Marketer
"meta ads, copywriting, google ads, social media, analytics, marketing",Digital Marketer
"sem, seo, email marketing, google ads, social media, copywriting, content strategy",Digital Marketer
"sem, copywriting, content strategy, google ads, email marketing, social media, seo",Digital Marketer
"branding, google ads, social media, marketing, meta ads",Digital Marketer
"marketing, social media, email marketing, branding, meta ads",Digital Marketer
"content strategy, sem, meta ads, analytics, branding, marketing, social media",Digital Marketer
"copywriting, analytics, google ads, email marketing",Digital Marketer
"email marketing, sem, branding, analytics, copywriting, seo, google ads",Digital Marketer
"google ads, analytics, content strategy, meta ads, social media, branding, sem",Digital Marketer
"email marketing, branding, social media, marketing",Digital Marketer
"email marketing, content strategy, google ads, meta ads",Digital Marketer
"copywriting, seo, content strategy, meta ads, email marketing, sem, social media",Digital Marketer
"marketing, sem, google ads, branding, social media, analytics",Digital Marketer
"seo, email marketing, content strategy, copywriting",Digital Marketer
"marketing, branding, sem, meta ads, email marketing",Digital Marketer
"analytics, content strategy, marketing, sem, copywriting, seo",Digital Marketer
"marketing, email marketing, google ads, meta ads, branding, seo, analytics",Digital Marketer
"email marketing, meta ads, social media, analytics, marketing, branding",Digital Marketer
"copywriting, sem, meta ads, email marketing, marketing, branding",Digital Marketer
"google ads, sem, email marketing, marketing",Digital Marketer
"branding, meta ads, google ads, sem, seo, copywriting",Digital Marketer
"analytics, google ads, social media, seo, branding",Digital Marketer
"seo, email marketing, social media, content strategy, branding, marketing, sem",Digital Marketer
"branding, marketing, social media, seo, sem, google ads, content strategy",Digital Marketer
"email marketing, copywriting, google ads, meta ads",Digital Marketer
"email marketing, copywriting, meta ads, google ads",Digital Marketer
"analytics, content strategy, google ads, seo, marketing",Digital Marketer
"email marketing, analytics, google ads, copywriting, content strategy, branding",Digital Marketer
"copywriting, meta ads, marketing, analytics",Digital Marketer
"copywriting, seo, email marketing, google ads, content strategy",Digital Marketer
"sem, copywriting, marketing, content strategy, email marketing",Digital Marketer
"meta ads, google ads, marketing, content strategy, copywriting",Digital Marketer
"content strategy, meta ads, copywriting, marketing",Digital Marketer
"copywriting, content strategy, sem, social media",Digital Marketer
"seo, meta ads, branding, content strategy",Digital Marketer
"marketing, seo, copywriting, analytics",Digital Marketer
"analytics, meta ads, google ads, content strategy",Digital Marketer
"marketing, branding, analytics, social media",Digital Marketer
"marketing, google ads, social media, branding, content strategy",Digital Marketer
"sem, seo, email marketing, marketing, google ads, content strategy, branding",Digital Marketer
"content strategy, google ads, branding, copywriting",Digital Marketer
"copywriting, content strategy, seo, google ads, analytics",Digital Marketer
"seo, meta ads, email marketing, social media, google ads, copywriting",Digital Marketer
"marketing, sem, meta ads, seo, social media, analytics, google ads",Digital Marketer
"content strategy, copywriting, sem, meta ads, branding, marketing, email marketing",Digital Marketer
"meta ads, sem, seo, analytics, marketing, google ads",Digital Marketer
"email marketing, analytics, google ads, social media, sem, meta ads, marketing",Digital Marketer
"seo, sem, copywriting, social media",Digital Marketer
"sem, social media, branding, seo, google ads, meta ads",Digital Marketer
"content strategy, analytics, meta ads, marketing, google ads",Digital Marketer
"seo, social media, sem, branding, content strategy, analytics, google ads",Digital Marketer
"meta ads, copywriting, branding, social media",Digital Marketer
"marketing, branding, sem, analytics, email marketing, content strategy, google ads",Digital Marketer
"sem, branding, google ads, social media",Digital Marketer
"social media, content strategy, branding, email marketing, meta ads",Digital Marketer
"copywriting, analytics, seo, marketing, social media, email marketing, google ads",Digital Marketer
"social media, seo, sem, branding, marketing",Digital Marketer
"seo, branding, sem, social media, meta ads, content strategy, google ads",Digital Marketer
"social media, google ads, content strategy, meta ads, email marketing, analytics",Digital Marketer
"marketing, copywriting, analytics, branding, seo, content strategy",Digital Marketer
"social media, sem, email marketing, content strategy, branding, seo",Digital Marketer
"content strategy, branding, copywriting, marketing, google ads, sem, analytics",Digital Marketer
"meta ads, branding, social media, copywriting, seo, marketing",Digital Marketer
"content strategy, google ads, meta ads, sem, email marketing, copywriting, marketing",Digital Marketer
"meta ads, sem, content strategy, copywriting",Digital Marketer
"google ads, social media, seo, analytics, sem, content strategy, marketing",Digital Marketer
"branding, analytics, content strategy, meta ads, seo, email marketing, google ads",Digital Marketer
"google ads, seo, content strategy, branding, social media, analytics",Digital Marketer
"email marketing, branding, sem, analytics, seo",Digital Marketer
"branding, meta ads, content strategy, social media, seo, email marketing, marketing",Digital Marketer
"sem, content strategy, social media, google ads, marketing, seo, branding",Digital Marketer
"social media, google ads, copywriting, content strategy, email marketing",Digital Marketer
"meta ads, branding, analytics, copywriting, email marketing, social media, content strategy",Digital Marketer
"social media, copywriting, marketing, content strategy",Digital Marketer
"content strategy, sem, google ads, seo, copywriting",Digital Marketer
"copywriting, google ads, sem, email marketing",Digital Marketer
"google ads, branding, marketing, email marketing, seo",Digital Marketer
"google ads, content strategy, marketing, copywriting",Digital Marketer
"seo, sem, analytics, content strategy, email marketing, marketing, social media",Digital Marketer
"google ads, marketing, branding, content strategy, meta ads, seo",Digital Marketer
"content strategy, google ads, seo, branding, analytics",Digital Marketer
"marketing, copywriting, meta ads, branding",Digital Marketer
"google ads, seo, meta ads, marketing, social media, branding",Digital Marketer
"marketing, sem, copywriting, content strategy, analytics",Digital Marketer
"content strategy, branding, analytics, copywriting, social media",Digital Marketer
"marketing, seo, analytics, sem, google ads, social media, branding",Digital Marketer
"email marketing, sem, google ads, marketing, analytics",Digital Marketer
"marketing, analytics, sem, google ads",Digital Marketer
"branding, seo, copywriting, content strategy, marketing",Digital Marketer
"social media, sem, email marketing, meta ads, seo, copywriting",Digital Marketer
"email marketing, branding, seo, marketing, analytics, content strategy, sem",Digital Marketer
"copywriting, branding, meta ads, google ads, seo, content strategy",Digital Marketer
"google ads, email marketing, analytics, social media, copywriting, sem",Digital Marketer
"marketing, copywriting, social media, meta ads, seo, google ads, sem",Digital Marketer
"copywriting, content strategy, branding, email marketing",Digital Marketer
"google ads, sem, seo, social media, content strategy, analytics",Digital Marketer
"email marketing, marketing, sem, branding, seo",Digital Marketer
"sem, meta ads, social media, seo, branding",Digital Marketer
"social media, meta ads, email marketing, content strategy",Digital Marketer
"branding, analytics, content strategy, email marketing, sem, meta ads",Digital Marketer
"sem, branding, copywriting, email marketing, seo, marketing, social media",Digital Marketer
"email marketing, meta ads, sem, content strategy, branding, analytics",Digital Marketer
"google ads, email marketing, content strategy, analytics",Digital Marketer
"google ads, email marketing, content strategy, social media, sem, copywriting",Digital Marketer
"branding, copywriting, sem, social media, google ads, content strategy",Digital Marketer
"marketing, content strategy, google ads, sem, branding",Digital Marketer
"sem, analytics, copywriting, marketing, seo",Digital Marketer
"marketing, google ads, seo, email marketing, sem, copywriting",Digital Marketer
"copywriting, branding, google ads, content strategy, sem",Digital Marketer
"sem, email marketing, analytics, copywriting, google ads",Digital Marketer
"content strategy, analytics, sem, google ads, branding",Digital Marketer
"sem, branding, copywriting, seo",Digital Marketer
"email marketing, google ads, copywriting, meta ads, analytics, marketing, content strategy",Digital Marketer
"analytics, email marketing, google ads, seo",Digital Marketer
"sem, meta ads, email marketing, seo, analytics, copywriting",Digital Marketer
"branding, content strategy, email marketing, copywriting",Digital Marketer
"content strategy, copywriting, social media, marketing",Digital Marketer
"branding, email marketing, content strategy, marketing, meta ads",Digital Marketer
"analytics, meta ads, content strategy, social media, copywriting, email marketing",Digital Marketer
"google ads, marketing, analytics, content strategy, meta ads, seo, sem",Digital Marketer
"content strategy, branding, copywriting, social media",Digital Marketer
"meta ads, sem, copywriting, seo, social media, branding",Digital Marketer
"meta ads, social media, sem, seo, copywriting, content strategy, branding",Digital Marketer
"email marketing, marketing, social media, analytics, seo",Digital Marketer
"social media, marketing, email marketing, google ads, seo",Digital Marketer
"content strategy, meta ads, sem, marketing, branding",Digital Marketer
"email marketing, meta ads, sem, analytics",Digital Marketer
"meta ads, sem, google ads, seo, content strategy, email marketing",Digital Marketer
"social media, content strategy, email marketing, analytics, seo",Digital Marketer
"marketing, google ads, analytics, sem, seo, copywriting, meta ads",Digital Marketer
"seo, branding, copywriting, google ads",Digital Marketer
"social media, branding, sem, marketing, email marketing, google ads, content strategy",Digital Marketer
"copywriting, analytics, email marketing, meta ads, content strategy, branding",Digital Marketer
"meta ads, branding, google ads, content strategy, social media, analytics",Digital Marketer
"google ads, meta ads, marketing, branding, copywriting, analytics",Digital Marketer
"copywriting, social media, content strategy, meta ads, sem, analytics",Digital Marketer
"google ads, content strategy, seo, meta ads, copywriting",Digital Marketer
"google ads, marketing, social media, content strategy, copywriting, sem",Digital Marketer
"copywriting, branding, content strategy, meta ads",Digital Marketer
"social media, google ads, analytics, email marketing, seo, copywriting",Digital Marketer
"marketing, content strategy, seo, analytics, social media, branding",Digital Marketer
"sem, analytics, branding, social media, content strategy, google ads",Digital Marketer
"seo, social media, email marketing, marketing, content strategy, sem",Digital Marketer
"branding, seo, sem, social media",Digital Marketer
"sem, social media, google ads, branding",Digital Marketer
"interaction design, visual design, prototyping, ui, figma, wireframing, ux",UI/UX Designer
"ui, visual design, ux, user research, adobe xd, illustrator",UI/UX Designer
"prototyping, interaction design, wireframing, adobe xd, ui, figma, ux",UI/UX Designer
"illustrator, wireframing, adobe xd, photoshop, interaction design, figma",UI/UX Designer
"ui, visual design, ux, photoshop",UI/UX Designer
"user research, adobe xd, interaction design, ui, visual design",UI/UX Designer
"ui, user research, prototyping, figma, wireframing, adobe xd",UI/UX Designer
"ui, wireframing, figma, illustrator",UI/UX Designer
"wireframing, interaction design, figma, illustrator, user research",UI/UX Designer
"photoshop, ux, wireframing, user research, adobe xd",UI/UX Designer
"photoshop, adobe xd, prototyping, figma",UI/UX Designer
"prototyping, visual design, ui, photoshop, illustrator, wireframing, figma",UI/UX Designer
"prototyping, illustrator, figma, visual design, photoshop, ui, ux",UI/UX Designer
"adobe xd, prototyping, illustrator, visual design, figma, user research, interaction design",UI/UX Designer
"interaction design, visual design, prototyping, illustrator, wireframing",UI/UX Designer
"ux, visual design, user research, adobe xd, ui",UI/UX Designer
"user research, prototyping, ux, illustrator, wireframing, interaction design",UI/UX Designer
"prototyping, interaction design, user research, figma, illustrator",UI/UX Designer
"wireframing, adobe xd, user research, ui, prototyping",UI/UX Designer
"wireframing, ux, figma, ui",UI/UX Designer
"prototyping, user research, ux, photoshop, ui",UI/UX Designer
"adobe xd, user research, visual design, figma, wireframing",UI/UX Designer
"user research, figma, adobe xd, wireframing, prototyping, visual design, illustrator",UI/UX Designer
"interaction design, visual design, prototyping, adobe xd",UI/UX Designer
"wireframing, interaction design, figma, photoshop, adobe xd",UI/UX Designer
"visual design, interaction design, ux, photoshop, user research, illustrator, ui",UI/UX Designer
"figma, user research, prototyping, ux",UI/UX Designer
"user research, visual design, figma, ux, illustrator",UI/UX Designer
"figma, illustrator, wireframing, user research, adobe xd",UI/UX Designer
"interaction design, figma, wireframing, ux, user research, photoshop, ui",UI/UX Designer
"figma, visual design, wireframing, photoshop, interaction design, adobe xd",UI/UX Designer
"photoshop, interaction design, visual design, user research",UI/UX Designer
"prototyping, wireframing, ux, photoshop, visual design, ui",UI/UX Designer
"wireframing, ux, figma, adobe xd, prototyping",UI/UX Designer
"photoshop, user research, wireframing, interaction design, adobe xd, figma, ui",UI/UX Designer
"visual design, illustrator, wireframing, ui, adobe xd",UI/UX Designer
"illustrator, interaction design, adobe xd, ux, user research, photoshop",UI/UX Designer
"photoshop, illustrator, interaction design, adobe xd, user research, visual design",UI/UX Designer
"figma, user research, illustrator, visual design, ux",UI/UX Designer
"adobe xd, visual design, prototyping, illustrator, ui",UI/UX Designer
"wireframing, ui, user research, illustrator, ux, visual design",UI/UX Designer
"visual design, ux, adobe xd, figma, prototyping, user research",UI/UX Designer
"user research, illustrator, adobe xd, ux",UI/UX Designer
"figma, photoshop, user research, illustrator",UI/UX Designer
"ui, user research, ux, prototyping, interaction design",UI/UX Designer
"photoshop, illustrator, visual design, user research, wireframing, prototyping, interaction design",UI/UX Designer
"wireframing, user research, ux, interaction design",UI/UX Designer
"photoshop, prototyping, adobe xd, ui",UI/UX Designer
"wireframing, interaction design, user research, prototyping, figma",UI/UX Designer
"interaction design, adobe xd, user research, visual design, prototyping, illustrator, figma",UI/UX Designer
"illustrator, photoshop, wireframing, ux, interaction design",UI/UX Designer
"prototyping, visual design, ui, ux",UI/UX Designer
"prototyping, user research, illustrator, visual design, interaction design, adobe xd, ux",UI/UX Designer
"illustrator, interaction design, user research, prototyping, ui",UI/UX Designer
"user research, adobe xd, figma, photoshop, wireframing, interaction design, ui",UI/UX Designer
"adobe xd, ui, prototyping, illustrator, interaction design",UI/UX Designer
"prototyping, adobe xd, visual design, user research",UI/UX Designer
"illustrator, interaction design, adobe xd, photoshop, prototyping, ux, ui",UI/UX Designer
"ui, photoshop, user research, adobe xd",UI/UX Designer
"photoshop, ui, illustrator, ux, prototyping, user research",UI/UX Designer
"photoshop, ui, user research, figma, visual design, interaction design, wireframing",UI/UX Designer
"illustrator, user research, adobe xd, visual design",UI/UX Designer
"photoshop, visual design, wireframing, illustrator, ux, prototyping",UI/UX Designer
"photoshop, illustrator, adobe xd, ui, prototyping, figma, wireframing",UI/UX Designer
"photoshop, ux, wireframing, ui, figma, user research",UI/UX Designer
"illustrator, adobe xd, figma, visual design, ui",UI/UX Designer
"photoshop, interaction design, ux, visual design",UI/UX Designer
"ui, illustrator, user research, prototyping, figma, ux",UI/UX Designer
"adobe xd, figma, visual design, ui",UI/UX Designer
"adobe xd, illustrator, visual design, ux, wireframing",UI/UX Designer
"figma, ui, ux, visual design, prototyping, illustrator",UI/UX Designer
"ui, interaction design, illustrator, prototyping, user research",UI/UX Designer
"adobe xd, visual design, illustrator, user research",UI/UX Designer
"illustrator, figma, adobe xd, visual design, interaction design, prototyping, wireframing",UI/UX Designer
"user research, adobe xd, photoshop, figma, illustrator, visual design, interaction design",UI/UX Designer
"prototyping, visual design, illustrator, ux",UI/UX Designer
"illustrator, ui, prototyping, ux, user research, interaction design",UI/UX Designer
"visual design, ux, user research, wireframing, illustrator, photoshop",UI/UX Designer
"wireframing, ui, visual design, illustrator, adobe xd, user research, figma",UI/UX Designer
"wireframing, figma, user research, ui",UI/UX Designer
"photoshop, figma, ux, prototyping, ui",UI/UX Designer
"photoshop, visual design, figma, ux",UI/UX Designer
"prototyping, interaction design, ui, photoshop, illustrator",UI/UX Designer
"illustrator, ui, visual design, photoshop, prototyping, figma",UI/UX Designer
"ux, visual design, user research, photoshop",UI/UX Designer
"interaction design, illustrator, figma, photoshop, adobe xd, visual design, ux",UI/UX Designer
"photoshop, figma, ux, user research",UI/UX Designer
"wireframing, figma, prototyping, ux, photoshop, ui, interaction design",UI/UX Designer
"prototyping, wireframing, figma, visual design, ux, ui",UI/UX Designer
"figma, prototyping, adobe xd, wireframing, user research, photoshop",UI/UX Designer
"adobe xd, photoshop, figma, wireframing, illustrator, visual design, ux",UI/UX Designer
"photoshop, ui, visual design, figma, illustrator, wireframing, ux",UI/UX Designer
"photoshop, ux, figma, adobe xd, interaction design, prototyping",UI/UX Designer
"photoshop, adobe xd, ux, user research, interaction design, prototyping",UI/UX Designer
"interaction design, ux, figma, user research, illustrator",UI/UX Designer
"user research, photoshop, illustrator, visual design",UI/UX Designer
"interaction design, ux, adobe xd, visual design, wireframing, photoshop",UI/UX Designer
"interaction design, figma, ux, ui, wireframing",UI/UX Designer
"interaction design, visual design, ui, illustrator, photoshop, user research, wireframing",UI/UX Designer
"ux, wireframing, interaction design, illustrator, figma",UI/UX Designer
"wireframing, user research, adobe xd, visual design, illustrator",UI/UX Designer
"ui, photoshop, adobe xd, visual design, user research, wireframing",UI/UX Designer
"prototyping, ui, illustrator, figma, visual design",UI/UX Designer
"figma, user research, interaction design, illustrator, adobe xd, visual design",UI/UX Designer
"visual design, user research, ui, wireframing, ux, adobe xd, interaction design",UI/UX Designer
"visual design, photoshop, adobe xd, prototyping, ui, illustrator, interaction design",UI/UX Designer
"prototyping, adobe xd, wireframing, interaction design, ux, visual design, user research",UI/UX Designer
"ui, ux, visual design, photoshop, adobe xd, wireframing",UI/UX Designer
"ui, adobe xd, wireframing, interaction design",UI/UX Designer
"adobe xd, figma, interaction design, ux, user research, prototyping",UI/UX Designer
"ux, adobe xd, interaction design, illustrator, figma, visual design, wireframing",UI/UX Designer
"interaction design, prototyping, illustrator, adobe xd",UI/UX Designer
"ui, wireframing, figma, user research, illustrator, prototyping, visual design",UI/UX Designer
"wireframing, illustrator, ux, visual design, interaction design, user research, figma",UI/UX Designer
"adobe xd, prototyping, ui, visual design, illustrator, user research",UI/UX Designer
"illustrator, ux, adobe xd, ui, prototyping, visual design, user research",UI/UX Designer
"photoshop, visual design, user research, illustrator, wireframing",UI/UX Designer
"visual design, adobe xd, wireframing, figma, interaction design, user research",UI/UX Designer
"ui, figma, illustrator, visual design, prototyping, adobe xd, interaction design",UI/UX Designer
"adobe xd, ux, illustrator, figma, interaction design, wireframing, prototyping",UI/UX Designer
"illustrator, ui, user research, adobe xd, interaction design",UI/UX Designer
"user research, adobe xd, interaction design, wireframing, ui, prototyping",UI/UX Designer
"interaction design, illustrator, user research, photoshop, prototyping",UI/UX Designer
"user research, ui, interaction design, prototyping, figma, illustrator",UI/UX Designer
"visual design, adobe xd, user research, interaction design",UI/UX Designer
"ux, prototyping, user research, adobe xd",UI/UX Designer
"interaction design, adobe xd, ux, user research",UI/UX Designer
"prototyping, wireframing, user research, photoshop",UI/UX Designer
"prototyping, wireframing, user research, visual design",UI/UX Designer
"figma, photoshop, ux, adobe xd, visual design",UI/UX Designer
"illustrator, user research, prototyping, figma, adobe xd, wireframing, visual design",UI/UX Designer
"figma, illustrator, ui, visual design",UI/UX Designer
"prototyping, interaction design, illustrator, ui, photoshop, figma, ux",UI/UX Designer
"ux, ui, prototyping, photoshop, visual design, wireframing",UI/UX Designer
"ux, photoshop, illustrator, prototyping, ui, user research",UI/UX Designer
"illustrator, prototyping, ui, wireframing, photoshop",UI/UX Designer
"adobe xd, user research, ui, visual design, ux, interaction design, photoshop",UI/UX Designer
"illustrator, figma, wireframing, ui, ux, user research, visual design",UI/UX Designer
"figma, ui, visual design, user research, wireframing",UI/UX Designer
"ux, visual design, illustrator, interaction design, user research, prototyping, photoshop",UI/UX Designer
"wireframing, visual design, ux, adobe xd, interaction design",UI/UX Designer
"visual design, adobe xd, ux, illustrator, user research, ui, figma",UI/UX Designer
"wireframing, adobe xd, prototyping, figma",UI/UX Designer
"user research, ui, prototyping, photoshop, adobe xd, illustrator, visual design",UI/UX Designer
"wireframing, visual design, interaction design, prototyping, figma, ui, ux",UI/UX Designer
"prototyping, visual design, user research, wireframing, adobe xd, figma, interaction design",UI/UX Designer
"ux, adobe xd, figma, user research",UI/UX Designer
"adobe xd, figma, illustrator, user research, prototyping, interaction design, wireframing",UI/UX Designer
"user research, adobe xd, illustrator, prototyping, ux, interaction design",UI/UX Designer
"adobe xd, interaction design, wireframing, ux, illustrator",UI/UX Designer
"prototyping, ux, interaction design, illustrator, ui, user research, wireframing",UI/UX Designer
"adobe xd, prototyping, wireframing, illustrator, user research, ui, visual design",UI/UX Designer
"figma, photoshop, ui, prototyping, illustrator, adobe xd",UI/UX Designer
"ux, wireframing, user research, illustrator, ui, prototyping, photoshop",UI/UX Designer
"prototyping, illustrator, photoshop, visual design, ui",UI/UX Designer
"wireframing, user research, ux, illustrator, ui, photoshop",UI/UX Designer
"wireframing, illustrator, user research, visual design, adobe xd, ux, prototyping",UI/UX Designer
"ux, user research, ui, interaction design, photoshop, adobe xd",UI/UX Designer
"photoshop, ux, interaction design, prototyping, figma",UI/UX Designer
"ui, adobe xd, user research, figma, wireframing",UI/UX Designer
"interaction design, user research, illustrator, adobe xd, ux, prototyping, wireframing",UI/UX Designer
"photoshop, prototyping, wireframing, ui, user research, interaction design, ux",UI/UX Designer
"interaction design, user research, wireframing, visual design, figma, ux, illustrator",UI/UX Designer
"wireframing, adobe xd, ux, prototyping, figma, visual design",UI/UX Designer
"ui, adobe xd, wireframing, illustrator, photoshop, prototyping, ux",UI/UX Designer
"adobe xd, prototyping, user research, interaction design, ux, wireframing, visual design",UI/UX Designer
"ux, visual design, wireframing, ui, adobe xd",UI/UX Designer
"user research, wireframing, adobe xd, photoshop, illustrator",UI/UX Designer
"illustrator, prototyping, photoshop, figma, ui, visual design, user research",UI/UX Designer
"user research, ui, photoshop, prototyping",UI/UX Designer
"visual design, adobe xd, wireframing, prototyping, user research, figma, interaction design",UI/UX Designer
"ux, figma, prototyping, illustrator, wireframing",UI/UX Designer
"ux, illustrator, ui, prototyping, user research",UI/UX Designer
"figma, prototyping, ui, wireframing, interaction design, photoshop",UI/UX Designer
"prototyping, interaction design, wireframing, visual design",UI/UX Designer
"photoshop, ui, adobe xd, user research",UI/UX Designer
"ui, adobe xd, illustrator, wireframing",UI/UX Designer
"visual design, wireframing, prototyping, ux, interaction design, illustrator, adobe xd",UI/UX Designer
"ui, illustrator, ux, figma, user research",UI/UX Designer
"interaction design, wireframing, user research, visual design, ux, ui",UI/UX Designer
"photoshop, adobe xd, illustrator, ux, wireframing, prototyping",UI/UX Designer
"ui, illustrator, prototyping, user research, adobe xd",UI/UX Designer
"interaction design, ui, photoshop, visual design",UI/UX Designer
"photoshop, ux, interaction design, figma",UI/UX Designer
"illustrator, adobe xd, ui, photoshop, prototyping",UI/UX Designer
"illustrator, ux, interaction design, adobe xd, user research",UI/UX Designer
"visual design, adobe xd, interaction design, figma, ui, photoshop",UI/UX Designer
"ux, visual design, prototyping, interaction design, photoshop",UI/UX Designer
"prototyping, wireframing, user research, interaction design, visual design",UI/UX Designer
"user research, illustrator, photoshop, interaction design",UI/UX Designer
"figma, interaction design, photoshop, prototyping",UI/UX Designer
"ux, interaction design, wireframing, photoshop, user research",UI/UX Designer
"visual design, adobe xd, illustrator, figma, photoshop",UI/UX Designer
"adobe xd, user research, interaction design, ux, wireframing, visual design",UI/UX Designer
"prototyping, interaction design, visual design, user research",UI/UX Designer
"adobe xd, interaction design, wireframing, photoshop, user research",UI/UX Designer
"visual design, interaction design, ux, prototyping, illustrator, wireframing, user research",UI/UX Designer
"ux, prototyping, ui, adobe xd, figma, visual design, photoshop",UI/UX Designer
"illustrator, interaction design, adobe xd, prototyping, figma, ux",UI/UX Designer
"user research, ux, adobe xd, figma",UI/UX Designer
"photoshop, ux, user research, prototyping, illustrator, wireframing, figma",UI/UX Designer
"interaction design, prototyping, user research, visual design, photoshop, wireframing",UI/UX Designer
"ux, user research, adobe xd, ui, prototyping, illustrator",UI/UX Designer
"interaction design, ui, wireframing, photoshop",UI/UX Designer
"adobe xd, figma, ui, wireframing, ux, prototyping",UI/UX Designer
"user research, interaction design, ui, adobe xd, visual design, wireframing",UI/UX Designer
"interaction design, user research, wireframing, figma, illustrator, visual design, ux",UI/UX Designer
"ui, visual design, photoshop, illustrator, prototyping, ux",UI/UX Designer
"visual design, interaction design, ux, wireframing, adobe xd, prototyping, ui",UI/UX Designer
"ux, visual design, interaction design, figma, user research, ui, photoshop",UI/UX Designer
"illustrator, wireframing, adobe xd, ui, prototyping, photoshop",UI/UX Designer
"user research, prototyping, photoshop, ui, wireframing, illustrator, figma",UI/UX Designer
"illustrator, wireframing, user research, figma",UI/UX Designer
"ux, ui, figma, illustrator, interaction design",UI/UX Designer
"wireframing, photoshop, visual design, figma, adobe xd",UI/UX Designer
"wireframing, interaction design, ui, user research, adobe xd, ux, figma",UI/UX Designer
"ui, wireframing, visual design, figma, adobe xd, user research",UI/UX Designer
"ux, figma, illustrator, ui, wireframing, visual design, user research",UI/UX Designer
"photoshop, interaction design, adobe xd, user research, ux, figma",UI/UX Designer
"figma, ui, wireframing, adobe xd, visual design, interaction design",UI/UX Designer
"ux, ui, prototyping, user research",UI/UX Designer
"interaction design, photoshop, prototyping, ux, adobe xd, visual design",UI/UX Designer
"wireframing, prototyping, user research, illustrator, ux, interaction design, ui",UI/UX Designer
"photoshop, figma, illustrator, user research",UI/UX Designer
"ux, ui, figma, visual design",UI/UX Designer
"wireframing, user research, visual design, interaction design, prototyping, adobe xd, figma",UI/UX Designer
"wireframing, user research, visual design, illustrator, prototyping",UI/UX Designer
"figma, user research, interaction design, adobe xd, ui",UI/UX Designer
"visual design, illustrator, photoshop, ux, interaction design, adobe xd",UI/UX Designer
"visual design, interaction design, ui, illustrator, adobe xd",UI/UX Designer
"figma, wireframing, ui, adobe xd, ux",UI/UX Designer
"photoshop, illustrator, ux, wireframing, prototyping, ui",UI/UX Designer
"ux, photoshop, illustrator, prototyping, ui",UI/UX Designer
"interaction design, prototyping, adobe xd, illustrator",UI/UX Designer
"interaction design, ux, wireframing, prototyping",UI/UX Designer
"photoshop, wireframing, illustrator, interaction design, user research, figma",UI/UX Designer
"ux, wireframing, figma, adobe xd, ui, user research, photoshop",UI/UX Designer
"visual design, prototyping, ux, ui, user research",UI/UX Designer
"wireframing, ux, visual design, photoshop",UI/UX Designer
"adobe xd, visual design, illustrator, wireframing, photoshop",UI/UX Designer
"illustrator, ux, visual design, adobe xd, wireframing",UI/UX Designer
"illustrator, ux, user research, wireframing, visual design, interaction design",UI/UX Designer
"interaction design, adobe xd, illustrator, ux, user research, wireframing",UI/UX Designer
"photoshop, prototyping, user research, ui, illustrator",UI/UX Designer
"user research, photoshop, adobe xd, interaction design, figma",UI/UX Designer
"adobe xd, wireframing, ux, prototyping, user research, interaction design, illustrator",UI/UX Designer
"wireframing, ux, visual design, prototyping, illustrator, user research",UI/UX Designer
"user research, wireframing, prototyping, photoshop, figma, illustrator, ui",UI/UX Designer
"figma, ui, ux, prototyping",UI/UX Designer
"ux, figma, wireframing, adobe xd, ui",UI/UX Designer
"threat analysis, security, encryption, wireshark",Cybersecurity Analyst
"security, ethical hacking, hacking, threat analysis",Cybersecurity Analyst
"encryption, threat analysis, hacking, network security, wireshark, linux",Cybersecurity Analyst
"linux, firewall, network security, ethical hacking, wireshark",Cybersecurity Analyst
"ethical hacking, network security, pentesting, security, encryption, hacking, wireshark",Cybersecurity Analyst
"hacking, security, pentesting, network security, ethical hacking, encryption, firewall",Cybersecurity Analyst
"hacking, ethical hacking, threat analysis, linux, wireshark",Cybersecurity Analyst
"security, network security, wireshark, encryption, ethical hacking, hacking",Cybersecurity Analyst
"network security, threat analysis, firewall, linux, hacking, ethical hacking",Cybersecurity Analyst
"wireshark, security, encryption, linux, ethical hacking",Cybersecurity Analyst
"wireshark, network security, pentesting, firewall",Cybersecurity Analyst
"encryption, hacking, wireshark, firewall, linux",Cybersecurity Analyst
"linux, wireshark, pentesting, encryption",Cybersecurity Analyst
"wireshark, network security, firewall, hacking, ethical hacking",Cybersecurity Analyst
"linux, wireshark, firewall, ethical hacking, pentesting, network security, hacking",Cybersecurity Analyst
"firewall, threat analysis, network security, security",Cybersecurity Analyst
"pentesting, wireshark, firewall, encryption, linux, hacking, security",Cybersecurity Analyst
"security, wireshark, ethical hacking, pentesting, hacking",Cybersecurity Analyst
"pentesting, linux, firewall, threat analysis",Cybersecurity Analyst
"pentesting, security, encryption, threat analysis",Cybersecurity Analyst
"encryption, ethical hacking, pentesting, hacking, firewall, linux, security",Cybersecurity Analyst
"wireshark, linux, security, hacking",Cybersecurity Analyst
"network security, wireshark, ethical hacking, threat analysis",Cybersecurity Analyst
"linux, wireshark, security, firewall, threat analysis, network security",Cybersecurity Analyst
"linux, network security, firewall, pentesting, hacking, security, wireshark",Cybersecurity Analyst
"hacking, firewall, linux, network security",Cybersecurity Analyst
"linux, pentesting, network security, encryption, hacking, threat analysis, firewall",Cybersecurity Analyst
"encryption, linux, wireshark, security",Cybersecurity Analyst
"wireshark, pentesting, ethical hacking, encryption, network security, hacking, threat analysis",Cybersecurity Analyst
"threat analysis, encryption, network security, wireshark",Cybersecurity Analyst
"network security, linux, pentesting, encryption, ethical hacking, wireshark",Cybersecurity Analyst
"wireshark, firewall, hacking, threat analysis, linux",Cybersecurity Analyst
"firewall, network security, pentesting, ethical hacking, threat analysis, encryption",Cybersecurity Analyst
"ethical hacking, encryption, pentesting, wireshark, security, network security, firewall",Cybersecurity Analyst
"hacking, threat analysis, ethical hacking, linux",Cybersecurity Analyst
"linux, pentesting, ethical hacking, firewall",Cybersecurity Analyst
"network security, pentesting, ethical hacking, firewall, threat analysis, security, wireshark",Cybersecurity Analyst
"threat analysis, pentesting, hacking, wireshark",Cybersecurity Analyst
"ethical hacking, hacking, wireshark, threat analysis, network security, linux",Cybersecurity Analyst
"network security, wireshark, ethical hacking, firewall, hacking, threat analysis",Cybersecurity Analyst
"network security, ethical hacking, threat analysis, hacking",Cybersecurity Analyst
"encryption, wireshark, threat analysis, linux",Cybersecurity Analyst
"pentesting, network security, encryption, linux, ethical hacking",Cybersecurity Analyst
"ethical hacking, threat analysis, firewall, wireshark, encryption, security, pentesting",Cybersecurity Analyst
"linux, wireshark, firewall, security",Cybersecurity Analyst
"threat analysis, firewall, hacking, network security, wireshark, pentesting",Cybersecurity Analyst
"pentesting, encryption, threat analysis, linux, network security, ethical hacking, hacking",Cybersecurity Analyst
"linux, pentesting, threat analysis, network security, encryption, security, ethical hacking",Cybersecurity Analyst
"hacking, ethical hacking, security, firewall, wireshark, linux",Cybersecurity Analyst
"firewall, hacking, ethical hacking, threat analysis, wireshark, linux",Cybersecurity Analyst
"ethical hacking, security, threat analysis, network security, firewall, encryption",Cybersecurity Analyst
"security, pentesting, wireshark, firewall, encryption",Cybersecurity Analyst
"encryption, firewall, security, ethical hacking",Cybersecurity Analyst
"linux, encryption, hacking, ethical hacking",Cybersecurity Analyst
"ethical hacking, firewall, wireshark, linux, pentesting",Cybersecurity Analyst
"ethical hacking, linux, network security, wireshark",Cybersecurity Analyst
"linux, hacking, threat analysis, wireshark, security, pentesting, ethical hacking",Cybersecurity Analyst
"firewall, threat analysis, hacking, ethical hacking",Cybersecurity Analyst
"ethical hacking, security, encryption, linux, threat analysis, wireshark, pentesting",Cybersecurity Analyst
"threat analysis, hacking, network security, firewall, pentesting, linux",Cybersecurity Analyst
"wireshark, firewall, network security, security, hacking, encryption, pentesting",Cybersecurity Analyst
"encryption, wireshark, hacking, firewall, threat analysis, linux",Cybersecurity Analyst
"hacking, pentesting, network security, wireshark, encryption",Cybersecurity Analyst
"linux, wireshark, security, encryption",Cybersecurity Analyst
"network security, hacking, ethical hacking, security, threat analysis, wireshark, pentesting",Cybersecurity Analyst
"pentesting, encryption, linux, wireshark",Cybersecurity Analyst
"linux, threat analysis, security, wireshark, firewall, pentesting",Cybersecurity Analyst
"security, threat analysis, encryption, wireshark, linux, hacking, pentesting",Cybersecurity Analyst
"linux, network security, ethical hacking, pentesting, encryption, wireshark",Cybersecurity Analyst
"encryption, threat analysis, linux, hacking",Cybersecurity Analyst
"pentesting, encryption, ethical hacking, linux, threat analysis, network security",Cybersecurity Analyst
"linux, pentesting, firewall, network security",Cybersecurity Analyst
"encryption, network security, hacking, firewall, security, pentesting, wireshark",Cybersecurity Analyst
"threat analysis, ethical hacking, firewall, security, hacking, encryption",Cybersecurity Analyst
"firewall, wireshark, ethical hacking, network security, pentesting, linux, hacking",Cybersecurity Analyst
"hacking, threat analysis, firewall, linux, network security, encryption",Cybersecurity Analyst
"ethical hacking, wireshark, linux, security",Cybersecurity Analyst
"ethical hacking, encryption, pentesting, hacking",Cybersecurity Analyst
"threat analysis, encryption, security, network security, linux, hacking",Cybersecurity Analyst
"network security, pentesting, firewall, hacking, linux, security, ethical hacking",Cybersecurity Analyst
"security, firewall, encryption, wireshark, ethical hacking",Cybersecurity Analyst
"threat analysis, wireshark, firewall, hacking, pentesting, linux, ethical hacking",Cybersecurity Analyst
"threat analysis, linux, ethical hacking, firewall, pentesting, encryption",Cybersecurity Analyst
"wireshark, linux, encryption, firewall",Cybersecurity Analyst
"network security, security, linux, pentesting, hacking, threat analysis, ethical hacking",Cybersecurity Analyst
"encryption, network security, wireshark, pentesting",Cybersecurity Analyst
"linux, security, encryption, pentesting",Cybersecurity Analyst
"ethical hacking, threat analysis, encryption, pentesting, network security, linux, wireshark",Cybersecurity Analyst
"wireshark, network security, linux, ethical hacking, pentesting",Cybersecurity Analyst
"threat analysis, firewall, security, wireshark",Cybersecurity Analyst
"linux, hacking, pentesting, network security",Cybersecurity Analyst
"encryption, network security, security, hacking",Cybersecurity Analyst
"security, pentesting, hacking, ethical hacking, firewall, wireshark",Cybersecurity Analyst
"firewall, wireshark, hacking, threat analysis, pentesting",Cybersecurity Analyst
"hacking, firewall, network security, encryption, security",Cybersecurity Analyst
"pentesting, threat analysis, linux, firewall, network security, hacking, security",Cybersecurity Analyst
"threat analysis, encryption, linux, pentesting, hacking",Cybersecurity Analyst
"network security, ethical hacking, linux, wireshark",Cybersecurity Analyst
"wireshark, network security, threat analysis, pentesting",Cybersecurity Analyst
"wireshark, network security, ethical hacking, linux, threat analysis, security",Cybersecurity Analyst
"firewall, pentesting, ethical hacking, threat analysis, security, network security, encryption",Cybersecurity Analyst
"wireshark, encryption, threat analysis, linux, network security",Cybersecurity Analyst
"hacking, firewall, security, wireshark, threat analysis",Cybersecurity Analyst
"pentesting, hacking, ethical hacking, encryption, firewall, wireshark, network security",Cybersecurity Analyst
"security, pentesting, hacking, ethical hacking, network security, firewall, linux",Cybersecurity Analyst
"network security, wireshark, firewall, threat analysis",Cybersecurity Analyst
"ethical hacking, wireshark, encryption, firewall, security, threat analysis, hacking",Cybersecurity Analyst
"firewall, ethical hacking, linux, network security, hacking, wireshark",Cybersecurity Analyst
"pentesting, encryption, ethical hacking, network security, security, threat analysis, linux",Cybersecurity Analyst
"linux, threat analysis, hacking, pentesting, firewall, network security",Cybersecurity Analyst
"wireshark, ethical hacking, linux, pentesting, firewall, encryption, threat analysis",Cybersecurity Analyst
"security, pentesting, encryption, linux, network security, hacking",Cybersecurity Analyst
"wireshark, encryption, linux, ethical hacking, firewall",Cybersecurity Analyst
"pentesting, threat analysis, firewall, linux, wireshark, encryption",Cybersecurity Analyst
"hacking, wireshark, ethical hacking, network security, pentesting, firewall, threat analysis",Cybersecurity Analyst
"wireshark, pentesting, encryption, firewall",Cybersecurity Analyst
"network security, threat analysis, wireshark, encryption",Cybersecurity Analyst
"wireshark, security, hacking, pentesting, threat analysis",Cybersecurity Analyst
"network security, threat analysis, pentesting, firewall, hacking, ethical hacking",Cybersecurity Analyst
"network security, wireshark, threat analysis, encryption, ethical hacking, hacking, pentesting",Cybersecurity Analyst
"encryption, network security, security, hacking, ethical hacking",Cybersecurity Analyst
"linux, security, ethical hacking, pentesting, encryption, firewall",Cybersecurity Analyst
"network security, pentesting, ethical hacking, hacking, linux, security",Cybersecurity Analyst
"encryption, ethical hacking, firewall, linux, hacking, security",Cybersecurity Analyst
"wireshark, pentesting, firewall, encryption, security, threat analysis, ethical hacking",Cybersecurity Analyst
"hacking, security, wireshark, firewall, ethical hacking, network security, threat analysis",Cybersecurity Analyst
"wireshark, threat analysis, pentesting, security, hacking",Cybersecurity Analyst
"security, network security, ethical hacking, firewall",Cybersecurity Analyst
"network security, ethical hacking, hacking, encryption",Cybersecurity Analyst
"hacking, network security, firewall, threat analysis, wireshark",Cybersecurity Analyst
"pentesting, encryption, hacking, threat analysis, firewall, network security",Cybersecurity Analyst
"firewall, threat analysis, network security, wireshark, hacking, encryption, ethical hacking",Cybersecurity Analyst
"network security, pentesting, linux, ethical hacking",Cybersecurity Analyst
"encryption, network security, hacking, firewall, security, pentesting, ethical hacking",Cybersecurity Analyst
"wireshark, encryption, hacking, firewall, threat analysis",Cybersecurity Analyst
"hacking, encryption, threat analysis, network security",Cybersecurity Analyst
"linux, security, ethical hacking, threat analysis, wireshark, network security, hacking",Cybersecurity Analyst
"ethical hacking, linux, security, threat analysis, wireshark, firewall",Cybersecurity Analyst
"hacking, wireshark, ethical hacking, encryption, threat analysis, linux",Cybersecurity Analyst
"linux, network security, security, encryption, threat analysis, ethical hacking",Cybersecurity Analyst
"network security, security, ethical hacking, hacking, firewall, linux, pentesting",Cybersecurity Analyst
"network security, hacking, firewall, wireshark, threat analysis, security",Cybersecurity Analyst
"security, pentesting, linux, encryption, threat analysis",Cybersecurity Analyst
"pentesting, wireshark, encryption, threat analysis, firewall, security",Cybersecurity Analyst
"security, linux, encryption, ethical hacking, pentesting, threat analysis, firewall",Cybersecurity Analyst
"wireshark, network security, linux, firewall",Cybersecurity Analyst
"ethical hacking, security, encryption, hacking, threat analysis, network security",Cybersecurity Analyst
"firewall, pentesting, security, ethical hacking",Cybersecurity Analyst
"firewall, linux, security, network security, threat analysis",Cybersecurity Analyst
"ethical hacking, hacking, encryption, network security, threat analysis, firewall, pentesting",Cybersecurity Analyst
"threat analysis, network security, ethical hacking, hacking, pentesting",Cybersecurity Analyst
"encryption, threat analysis, security, ethical hacking, pentesting",Cybersecurity Analyst
"linux, encryption, wireshark, ethical hacking",Cybersecurity Analyst
"firewall, network security, linux, encryption, security",Cybersecurity Analyst
"linux, encryption, security, hacking",Cybersecurity Analyst
"firewall, threat analysis, linux, hacking, network security, encryption",Cybersecurity Analyst
"linux, encryption, wireshark, security",Cybersecurity Analyst
"network security, pentesting, hacking, security",Cybersecurity Analyst
"wireshark, linux, network security, firewall, security, threat analysis",Cybersecurity Analyst
"ethical hacking, linux, security, wireshark, threat analysis, firewall, hacking",Cybersecurity Analyst
"ethical hacking, wireshark, firewall, pentesting",Cybersecurity Analyst
"threat analysis, hacking, ethical hacking, encryption",Cybersecurity Analyst
"threat analysis, hacking, pentesting, linux, ethical hacking, firewall",Cybersecurity Analyst
"hacking, wireshark, ethical hacking, network security, threat analysis, pentesting, firewall",Cybersecurity Analyst
"firewall, wireshark, network security, ethical hacking, security",Cybersecurity Analyst
"hacking, linux, pentesting, network security, security",Cybersecurity Analyst
"encryption, hacking, wireshark, ethical hacking, linux, pentesting, security",Cybersecurity Analyst
"network security, linux, threat analysis, pentesting",Cybersecurity Analyst
"encryption, wireshark, security, hacking, network security, firewall",Cybersecurity Analyst
"threat analysis, encryption, firewall, network security",Cybersecurity Analyst
"linux, ethical hacking, threat analysis, firewall, wireshark, encryption",Cybersecurity Analyst
"encryption, network security, firewall, wireshark, security",Cybersecurity Analyst
"linux, network security, wireshark, threat analysis, firewall, hacking",Cybersecurity Analyst
"wireshark, pentesting, linux, ethical hacking, hacking, security",Cybersecurity Analyst
"wireshark, ethical hacking, network security, encryption",Cybersecurity Analyst
"hacking, encryption, threat analysis, ethical hacking, network security, wireshark, firewall",Cybersecurity Analyst
"security, network security, threat analysis, firewall, pentesting",Cybersecurity Analyst
"encryption, hacking, ethical hacking, linux, network security",Cybersecurity Analyst
"ethical hacking, hacking, wireshark, encryption, threat analysis, security",Cybersecurity Analyst
"pentesting, hacking, wireshark, security, firewall, linux",Cybersecurity Analyst
"wireshark, firewall, linux, security, network security",Cybersecurity Analyst
"encryption, ethical hacking, hacking, linux",Cybersecurity Analyst
"encryption, hacking, pentesting, linux",Cybersecurity Analyst
"firewall, wireshark, hacking, linux, encryption, ethical hacking",Cybersecurity Analyst
"wireshark, threat analysis, encryption, firewall, security, pentesting",Cybersecurity Analyst
"firewall, ethical hacking, pentesting, wireshark, linux",Cybersecurity Analyst
"encryption, ethical hacking, security, linux, pentesting, wireshark, threat analysis",Cybersecurity Analyst
"security, encryption, hacking, wireshark, threat analysis, network security, ethical hacking",Cybersecurity Analyst
"linux, threat analysis, security, wireshark, hacking",Cybersecurity Analyst
"firewall, security, ethical hacking, network security, encryption",Cybersecurity Analyst
"linux, threat analysis, network security, hacking, pentesting, firewall",Cybersecurity Analyst
"pentesting, wireshark, ethical hacking, encryption, firewall, linux",Cybersecurity Analyst
"hacking, security, linux, pentesting, ethical hacking, encryption",Cybersecurity Analyst
"network security, encryption, hacking, wireshark, threat analysis, pentesting",Cybersecurity Analyst
"firewall, encryption, wireshark, pentesting, security, network security",Cybersecurity Analyst
"ethical hacking, firewall, linux, network security",Cybersecurity Analyst
"security, hacking, linux, wireshark",Cybersecurity Analyst
"threat analysis, encryption, security, linux, network security",Cybersecurity Analyst
"encryption, pentesting, linux, firewall, hacking, wireshark, ethical hacking",Cybersecurity Analyst
"hacking, linux, threat analysis, network security",Cybersecurity Analyst
"network security, threat analysis, firewall, ethical hacking, linux, security, wireshark",Cybersecurity Analyst
"network security, linux, wireshark, pentesting",Cybersecurity Analyst
"security, hacking, firewall, ethical hacking",Cybersecurity Analyst
"linux, firewall, encryption, security, network security, threat analysis, hacking",Cybersecurity Analyst
"wireshark, hacking, network security, firewall, pentesting",Cybersecurity Analyst
"hacking, linux, threat analysis, firewall, network security, ethical hacking, security",Cybersecurity Analyst
"encryption, ethical hacking, security, hacking, wireshark, threat analysis, firewall",Cybersecurity Analyst
"wireshark, ethical hacking, network security, hacking, pentesting",Cybersecurity Analyst
"threat analysis, encryption, hacking, wireshark, security",Cybersecurity Analyst
"encryption, threat analysis, ethical hacking, firewall, hacking, linux",Cybersecurity Analyst
"firewall, wireshark, network security, threat analysis",Cybersecurity Analyst
"network security, linux, security, encryption, wireshark",Cybersecurity Analyst
"linux, pentesting, ethical hacking, firewall",Cybersecurity Analyst
"hacking, threat analysis, firewall, wireshark, security, encryption",Cybersecurity Analyst
"threat analysis, hacking, firewall, linux, pentesting",Cybersecurity Analyst
"threat analysis, hacking, pentesting, firewall, security",Cybersecurity Analyst
"firewall, pentesting, security, linux, wireshark",Cybersecurity Analyst
"hacking, pentesting, wireshark, encryption, threat analysis, linux",Cybersecurity Analyst
"ethical hacking, pentesting, hacking, network security, firewall, encryption, security",Cybersecurity Analyst
"wireshark, security, network security, threat analysis",Cybersecurity Analyst
"hacking, wireshark, network security, pentesting, security",Cybersecurity Analyst
"network security, ethical hacking, pentesting, wireshark, security, hacking",Cybersecurity Analyst
"encryption, wireshark, firewall, ethical hacking",Cybersecurity Analyst
"hacking, network security, security, threat analysis, pentesting, wireshark",Cybersecurity Analyst
"security, hacking, threat analysis, firewall, pentesting, ethical hacking",Cybersecurity Analyst
"pentesting, wireshark, hacking, ethical hacking, security",Cybersecurity Analyst
"linux, threat analysis, firewall, hacking, security, pentesting, encryption",Cybersecurity Analyst
"wireshark, firewall, security, hacking, threat analysis, network security, linux",Cybersecurity Analyst
"firewall, wireshark, linux, threat analysis, ethical hacking",Cybersecurity Analyst
"wireshark, security, encryption, threat analysis, hacking",Cybersecurity Analyst
"firewall, ethical hacking, network security, security",Cybersecurity Analyst
"encryption, wireshark, linux, ethical hacking, firewall",Cybersecurity Analyst
"security, firewall, pentesting, encryption, wireshark, hacking, threat analysis",Cybersecurity Analyst
"linux, network security, ethical hacking, firewall, security, hacking, encryption",Cybersecurity Analyst
"linux, pentesting, network security, encryption",Cybersecurity Analyst
"firewall, threat analysis, pentesting, encryption, linux",Cybersecurity Analyst
"pentesting, linux, wireshark, encryption, firewall, network security",Cybersecurity Analyst
"pentesting, ethical hacking, wireshark, security, encryption, hacking, firewall",Cybersecurity Analyst
"network security, firewall, linux, hacking",Cybersecurity Analyst
"threat analysis, encryption, pentesting, linux, firewall",Cybersecurity Analyst
"hacking, ethical hacking, encryption, wireshark",Cybersecurity Analyst
"network security, firewall, hacking, security",Cybersecurity Analyst
"ethical hacking, encryption, threat analysis, network security, hacking, firewall",Cybersecurity Analyst
"threat analysis, linux, ethical hacking, pentesting, encryption",Cybersecurity Analyst
"pentesting, threat analysis, ethical hacking, network security, security",Cybersecurity Analyst
"linux, network security, encryption, wireshark, ethical hacking, hacking, pentesting",Cybersecurity Analyst
"encryption, ethical hacking, firewall, pentesting, network security, wireshark",Cybersecurity Analyst
"network security, threat analysis, firewall, linux, ethical hacking",Cybersecurity Analyst
"hacking, firewall, threat analysis, linux, network security",Cybersecurity Analyst
"network security, linux, wireshark, ethical hacking, pentesting",Cybersecurity Analyst
"aws, kubernetes, infrastructure, serverless, devops, terraform",Cloud Architect
"azure, kubernetes, serverless, docker, terraform, aws",Cloud Architect
"docker, google cloud, serverless, azure, aws",Cloud Architect
"docker, kubernetes, aws, devops",Cloud Architect
"kubernetes, cloud computing, infrastructure, google cloud, aws, docker, serverless",Cloud Architect
"google cloud, serverless, cloud computing, infrastructure, azure, aws",Cloud Architect
"google cloud, infrastructure, kubernetes, terraform, serverless, azure, aws",Cloud Architect
"google cloud, infrastructure, devops, aws, docker, kubernetes",Cloud Architect
"aws, infrastructure, google cloud, cloud computing, azure, kubernetes, terraform",Cloud Architect
"google cloud, devops, azure, serverless, terraform",Cloud Architect
"kubernetes, infrastructure, serverless, docker, terraform, cloud computing",Cloud Architect
"google cloud, cloud computing, kubernetes, devops",Cloud Architect
"kubernetes, serverless, docker, aws, devops, google cloud, cloud computing",Cloud Architect
"kubernetes, terraform, docker, google cloud, cloud computing, aws, infrastructure",Cloud Architect
"docker, serverless, aws, infrastructure, cloud computing",Cloud Architect
"devops, serverless, kubernetes, aws, infrastructure, google cloud",Cloud Architect
"devops, docker, cloud computing, serverless",Cloud Architect
"devops, infrastructure, google cloud, terraform, docker, aws, kubernetes",Cloud Architect
"aws, kubernetes, cloud computing, google cloud, azure, terraform, docker",Cloud Architect
"devops, docker, infrastructure, google cloud, kubernetes",Cloud Architect
"infrastructure, google cloud, cloud computing, docker, azure, terraform, kubernetes",Cloud Architect
"google cloud, serverless, docker, azure",Cloud Architect
"cloud computing, docker, terraform, kubernetes, google cloud, devops",Cloud Architect
"kubernetes, azure, serverless, google cloud",Cloud Architect
"infrastructure, google cloud, docker, cloud computing",Cloud Architect
"devops, aws, terraform, google cloud, kubernetes, infrastructure",Cloud Architect
"aws, cloud computing, terraform, azure, infrastructure",Cloud Architect
"azure, infrastructure, cloud computing, docker, aws",Cloud Architect
"aws, infrastructure, serverless, azure, docker, terraform, kubernetes",Cloud Architect
"devops, azure, terraform, docker, google cloud",Cloud Architect
"terraform, aws, devops, cloud computing, kubernetes",Cloud Architect
"azure, kubernetes, terraform, infrastructure, devops, aws",Cloud Architect
"google cloud, kubernetes, devops, docker",Cloud Architect
"docker, terraform, google cloud, cloud computing, kubernetes",Cloud Architect
"azure, docker, infrastructure, google cloud, kubernetes",Cloud Architect
"docker, infrastructure, kubernetes, serverless, terraform, azure, cloud computing",Cloud Architect
"aws, devops, kubernetes, terraform, azure, docker",Cloud Architect
"aws, azure, cloud computing, google cloud, devops, docker",Cloud Architect
"terraform, devops, cloud computing, serverless, google cloud, aws, kubernetes",Cloud Architect
"cloud computing, kubernetes, docker, infrastructure, aws, google cloud",Cloud Architect
"devops, kubernetes, aws, cloud computing, docker, google cloud, terraform",Cloud Architect
"terraform, devops, cloud computing, google cloud, docker",Cloud Architect
"google cloud, devops, infrastructure, docker",Cloud Architect
"azure, kubernetes, cloud computing, infrastructure, google cloud",Cloud Architect
"docker, terraform, azure, google cloud",Cloud Architect
"google cloud, docker, azure, infrastructure, serverless",Cloud Architect
"cloud computing, kubernetes, docker, google cloud, aws, infrastructure, azure",Cloud Architect
"cloud computing, serverless, docker, terraform, azure, kubernetes, aws",Cloud Architect
"terraform, cloud computing, azure, aws, kubernetes, devops",Cloud Architect
"docker, infrastructure, devops, serverless, cloud computing, terraform",Cloud Architect
"infrastructure, docker, serverless, azure, cloud computing, aws, google cloud",Cloud Architect
"aws, azure, devops, kubernetes, infrastructure, google cloud",Cloud Architect
"azure, google cloud, infrastructure, docker, cloud computing",Cloud Architect
"kubernetes, devops, aws, cloud computing",Cloud Architect
"cloud computing, terraform, devops, infrastructure, docker, azure",Cloud Architect
"terraform, serverless, aws, cloud computing, azure, infrastructure, docker",Cloud Architect
"docker, cloud computing, google cloud, devops, serverless, aws, kubernetes",Cloud Architect
"infrastructure, terraform, kubernetes, docker, google cloud, aws",Cloud Architect
"azure, kubernetes, aws, google cloud, devops, terraform",Cloud Architect
"kubernetes, terraform, devops, aws, azure, cloud computing",Cloud Architect
"cloud computing, infrastructure, aws, kubernetes, docker, google cloud, azure",Cloud Architect
"kubernetes, aws, cloud computing, infrastructure, azure, docker",Cloud Architect
"devops, docker, cloud computing, kubernetes",Cloud Architect
"google cloud, infrastructure, docker, kubernetes, cloud computing, terraform, serverless",Cloud Architect
"kubernetes, aws, serverless, azure, google cloud, infrastructure",Cloud Architect
"infrastructure, devops, terraform, google cloud, docker, cloud computing",Cloud Architect
"azure, infrastructure, docker, terraform",Cloud Architect
"docker, devops, terraform, infrastructure, aws, azure",Cloud Architect
"aws, kubernetes, docker, serverless, google cloud",Cloud Architect
"terraform, cloud computing, azure, infrastructure, serverless, kubernetes, docker",Cloud Architect
"kubernetes, aws, devops, docker, azure, serverless, infrastructure",Cloud Architect
"docker, terraform, google cloud, kubernetes",Cloud Architect
"infrastructure, azure, devops, docker, aws",Cloud Architect
"kubernetes, terraform, docker, aws, azure, infrastructure, devops",Cloud Architect
"google cloud, infrastructure, kubernetes, aws, terraform, devops, docker",Cloud Architect
"serverless, aws, infrastructure, cloud computing, kubernetes, google cloud, docker",Cloud Architect
"devops, serverless, cloud computing, docker, azure, terraform, kubernetes",Cloud Architect
"azure, aws, docker, terraform, cloud computing, google cloud",Cloud Architect
"terraform, aws, docker, azure, devops, kubernetes",Cloud Architect
"devops, aws, infrastructure, cloud computing, azure",Cloud Architect
"serverless, aws, docker, google cloud, kubernetes, terraform",Cloud Architect
"infrastructure, aws, azure, devops, terraform, cloud computing",Cloud Architect
"kubernetes, devops, terraform, google cloud, azure, serverless",Cloud Architect
"aws, terraform, infrastructure, google cloud, kubernetes, devops",Cloud Architect
"infrastructure, cloud computing, kubernetes, terraform, azure",Cloud Architect
"azure, kubernetes, devops, aws, infrastructure",Cloud Architect
"terraform, infrastructure, aws, docker, cloud computing",Cloud Architect
"kubernetes, devops, cloud computing, docker",Cloud Architect
"infrastructure, aws, docker, serverless, azure, devops, kubernetes",Cloud Architect
"infrastructure, devops, aws, terraform, azure, google cloud",Cloud Architect
"infrastructure, serverless, docker, devops, cloud computing, aws, azure",Cloud Architect
"devops, infrastructure, kubernetes, aws, terraform, serverless, azure",Cloud Architect
"cloud computing, google cloud, devops, docker, aws",Cloud Architect
"azure, serverless, terraform, google cloud, infrastructure, devops",Cloud Architect
"terraform, docker, kubernetes, cloud computing, google cloud, aws, azure",Cloud Architect
"devops, infrastructure, serverless, aws, terraform, google cloud, cloud computing",Cloud Architect
"infrastructure, devops, terraform, google cloud",Cloud Architect
"azure, google cloud, cloud computing, aws",Cloud Architect
"cloud computing, terraform, infrastructure, azure, aws",Cloud Architect
"docker, cloud computing, azure, serverless, terraform, kubernetes, infrastructure",Cloud Architect
"devops, aws, terraform, docker, infrastructure",Cloud Architect
"terraform, infrastructure, azure, serverless, google cloud, cloud computing",Cloud Architect
"serverless, google cloud, docker, kubernetes, infrastructure",Cloud Architect
"azure, serverless, cloud computing, devops, aws",Cloud Architect
"terraform, docker, google cloud, cloud computing, infrastructure, devops",Cloud Architect
"aws, cloud computing, infrastructure, terraform, kubernetes, azure, serverless",Cloud Architect
"cloud computing, serverless, aws, devops",Cloud Architect
"aws, infrastructure, google cloud, cloud computing",Cloud Architect
"devops, cloud computing, google cloud, infrastructure, docker, terraform",Cloud Architect
"cloud computing, kubernetes, azure, google cloud, devops, docker",Cloud Architect
"serverless, cloud computing, azure, devops",Cloud Architect
"terraform, azure, google cloud, kubernetes, docker, aws",Cloud Architect
"docker, aws, azure, google cloud",Cloud Architect
"docker, serverless, azure, kubernetes, terraform",Cloud Architect
"serverless, azure, google cloud, terraform",Cloud Architect
"kubernetes, devops, docker, azure, aws, infrastructure, terraform",Cloud Architect
"infrastructure, cloud computing, devops, kubernetes, google cloud",Cloud Architect
"aws, serverless, devops, azure, kubernetes, google cloud, cloud computing",Cloud Architect
"google cloud, azure, devops, serverless, cloud computing, infrastructure, kubernetes",Cloud Architect
"docker, devops, google cloud, infrastructure",Cloud Architect
"aws, devops, google cloud, cloud computing",Cloud Architect
"cloud computing, terraform, infrastructure, kubernetes, aws",Cloud Architect
"terraform, docker, devops, google cloud, azure, aws, serverless",Cloud Architect
"cloud computing, azure, infrastructure, aws, devops",Cloud Architect
"infrastructure, aws, devops, terraform, docker, google cloud",Cloud Architect
"infrastructure, google cloud, devops, azure",Cloud Architect
"azure, kubernetes, google cloud, aws, docker, infrastructure",Cloud Architect
"infrastructure, cloud computing, kubernetes, google cloud, aws, azure",Cloud Architect
"terraform, aws, google cloud, cloud computing",Cloud Architect
"infrastructure, azure, docker, kubernetes, aws, terraform, google cloud",Cloud Architect
"infrastructure, terraform, docker, serverless, devops, azure, aws",Cloud Architect
"cloud computing, terraform, kubernetes, infrastructure, aws, serverless",Cloud Architect
"cloud computing, kubernetes, devops, google cloud, azure, aws",Cloud Architect
"infrastructure, serverless, docker, terraform, google cloud",Cloud Architect
"cloud computing, infrastructure, terraform, google cloud, kubernetes, devops",Cloud Architect
"google cloud, devops, serverless, docker, terraform",Cloud Architect
"cloud computing, google cloud, serverless, infrastructure",Cloud Architect
"infrastructure, docker, azure, serverless, google cloud",Cloud Architect
"kubernetes, serverless, docker, azure",Cloud Architect
"kubernetes, azure, terraform, serverless, google cloud, cloud computing, aws",Cloud Architect
"serverless, cloud computing, docker, azure, kubernetes, aws, devops",Cloud Architect
"serverless, infrastructure, cloud computing, google cloud, terraform",Cloud Architect
"infrastructure, cloud computing, aws, docker, google cloud",Cloud Architect
"docker, aws, azure, kubernetes",Cloud Architect
"infrastructure, aws, docker, devops, cloud computing",Cloud Architect
"azure, aws, cloud computing, terraform",Cloud Architect
"azure, kubernetes, google cloud, devops, docker, cloud computing",Cloud Architect
"infrastructure, cloud computing, kubernetes, terraform, docker, serverless",Cloud Architect
"cloud computing, infrastructure, azure, devops, serverless, google cloud, docker",Cloud Architect
"terraform, infrastructure, google cloud, kubernetes, docker",Cloud Architect
"azure, kubernetes, google cloud, serverless, devops, terraform",Cloud Architect
"devops, docker, terraform, aws, azure, cloud computing, serverless",Cloud Architect
"kubernetes, infrastructure, aws, serverless, cloud computing, google cloud, devops",Cloud Architect
"serverless, kubernetes, infrastructure, docker, azure, aws, terraform",Cloud Architect
"serverless, kubernetes, infrastructure, aws, devops",Cloud Architect
"infrastructure, cloud computing, devops, azure",Cloud Architect
"terraform, infrastructure, devops, serverless, cloud computing, azure, google cloud",Cloud Architect
"aws, kubernetes, docker, azure, google cloud",Cloud Architect
"google cloud, serverless, devops, azure, aws",Cloud Architect
"devops, azure, google cloud, docker",Cloud Architect
"google cloud, aws, docker, serverless",Cloud Architect
"aws, serverless, devops, google cloud, kubernetes, terraform",Cloud Architect
"cloud computing, serverless, aws, devops, azure",Cloud Architect
"infrastructure, aws, docker, kubernetes, cloud computing, google cloud",Cloud Architect
"aws, serverless, docker, infrastructure, devops, cloud computing, kubernetes",Cloud Architect
"serverless, kubernetes, devops, cloud computing, docker",Cloud Architect
"azure, cloud computing, kubernetes, devops, infrastructure, docker",Cloud Architect
"serverless, docker, kubernetes, aws",Cloud Architect
"infrastructure, azure, devops, serverless",Cloud Architect
"google cloud, kubernetes, aws, infrastructure, azure, devops, cloud computing",Cloud Architect
"infrastructure, devops, docker, kubernetes, terraform, azure, google cloud",Cloud Architect
"docker, serverless, cloud computing, azure, kubernetes",Cloud Architect
"serverless, infrastructure, docker, cloud computing, kubernetes, terraform, google cloud",Cloud Architect
"serverless, azure, aws, cloud computing, terraform",Cloud Architect
"google cloud, docker, aws, azure, kubernetes, infrastructure",Cloud Architect
"devops, serverless, aws, terraform, docker, infrastructure, cloud computing",Cloud Architect
"cloud computing, infrastructure, serverless, kubernetes",Cloud Architect
"google cloud, devops, azure, infrastructure",Cloud Architect
"docker, serverless, azure, kubernetes, devops, google cloud, aws",Cloud Architect
"cloud computing, aws, serverless, google cloud, infrastructure, docker, terraform",Cloud Architect
"terraform, kubernetes, docker, serverless, infrastructure",Cloud Architect
"docker, cloud computing, azure, infrastructure, google cloud, serverless, kubernetes",Cloud Architect
"devops, kubernetes, serverless, google cloud, aws, infrastructure, azure",Cloud Architect
"serverless, infrastructure, cloud computing, kubernetes, terraform, docker",Cloud Architect
"cloud computing, serverless, aws, google cloud, devops, terraform, infrastructure",Cloud Architect
"google cloud, infrastructure, cloud computing, serverless, devops, aws, docker",Cloud Architect
"google cloud, cloud computing, kubernetes, terraform, azure, docker, aws",Cloud Architect
"aws, azure, devops, kubernetes, cloud computing, terraform, google cloud",Cloud Architect
"azure, aws, devops, cloud computing",Cloud Architect
"infrastructure, aws, cloud computing, google cloud, docker, terraform, azure",Cloud Architect
"terraform, aws, devops, google cloud, infrastructure, cloud computing, docker",Cloud Architect
"terraform, google cloud, serverless, azure, kubernetes",Cloud Architect
"azure, kubernetes, cloud computing, infrastructure, docker, aws",Cloud Architect
"kubernetes, devops, docker, infrastructure, aws, terraform, cloud computing",Cloud Architect
"google cloud, serverless, azure, devops",Cloud Architect
"azure, serverless, kubernetes, cloud computing",Cloud Architect
"aws, serverless, kubernetes, cloud computing, azure, google cloud",Cloud Architect
"devops, azure, google cloud, cloud computing",Cloud Architect
"infrastructure, docker, kubernetes, aws, serverless, terraform",Cloud Architect
"cloud computing, terraform, devops, docker",Cloud Architect
"terraform, devops, aws, cloud computing",Cloud Architect
"devops, azure, cloud computing, aws, terraform, serverless, docker",Cloud Architect
"azure, kubernetes, docker, terraform",Cloud Architect
"docker, kubernetes, serverless, aws",Cloud Architect
"serverless, azure, devops, aws, google cloud, terraform",Cloud Architect
"cloud computing, azure, serverless, kubernetes, docker",Cloud Architect
"cloud computing, azure, kubernetes, terraform, aws, infrastructure",Cloud Architect
"cloud computing, terraform, azure, serverless, docker, infrastructure, google cloud",Cloud Architect
"devops, azure, docker, kubernetes, serverless, infrastructure",Cloud Architect
"devops, google cloud, cloud computing, terraform",Cloud Architect
"kubernetes, docker, cloud computing, google cloud, terraform, devops",Cloud Architect
"cloud computing, kubernetes, devops, google cloud",Cloud Architect
"docker, google cloud, serverless, terraform, azure",Cloud Architect
"terraform, devops, serverless, azure",Cloud Architect
"aws, cloud computing, docker, serverless",Cloud Architect
"serverless, docker, aws, kubernetes, devops, azure",Cloud Architect
"google cloud, infrastructure, terraform, cloud computing, docker",Cloud Architect
"google cloud, docker, infrastructure, azure",Cloud Architect
"docker, serverless, terraform, infrastructure, cloud computing, kubernetes, aws",Cloud Architect
"cloud computing, serverless, docker, azure, google cloud, devops",Cloud Architect
"azure, cloud computing, infrastructure, devops, serverless, kubernetes",Cloud Architect
"infrastructure, kubernetes, google cloud, cloud computing, devops, docker",Cloud Architect
"devops, serverless, aws, azure, docker, google cloud",Cloud Architect
"google cloud, cloud computing, serverless, kubernetes, aws, docker",Cloud Architect
"terraform, infrastructure, google cloud, cloud computing",Cloud Architect
"kubernetes, google cloud, serverless, infrastructure",Cloud Architect
"kubernetes, cloud computing, google cloud, infrastructure",Cloud Architect
"kubernetes, azure, terraform, google cloud, devops",Cloud Architect
"docker, kubernetes, azure, terraform, google cloud, infrastructure",Cloud Architect
"serverless, kubernetes, azure, aws, google cloud, docker",Cloud Architect
"cloud computing, azure, aws, terraform, kubernetes, devops",Cloud Architect
"google cloud, terraform, azure, cloud computing, serverless, infrastructure, kubernetes",Cloud Architect
"azure, infrastructure, serverless, docker, terraform",Cloud Architect
"infrastructure, azure, google cloud, docker, cloud computing, aws, devops",Cloud Architect
"terraform, kubernetes, aws, devops",Cloud Architect
"docker, terraform, cloud computing, kubernetes",Cloud Architect
"docker, terraform, cloud computing, serverless",Cloud Architect
"serverless, azure, kubernetes, terraform",Cloud Architect
"kubernetes, cloud computing, azure, infrastructure, google cloud, serverless",Cloud Architect
"infrastructure, azure, aws, terraform, serverless, google cloud",Cloud Architect
"cloud computing, docker, aws, serverless, google cloud, infrastructure",Cloud Architect
"google cloud, terraform, docker, kubernetes, devops, azure",Cloud Architect
"google cloud, serverless, cloud computing, aws, terraform, infrastructure, devops",Cloud Architect
"azure, kubernetes, serverless, infrastructure, cloud computing",Cloud Architect
"cloud computing, azure, infrastructure, devops, docker, google cloud",Cloud Architect
"serverless, docker, cloud computing, devops, kubernetes, google cloud, azure",Cloud Architect
"cloud computing, aws, devops, infrastructure",Cloud Architect
"terraform, serverless, infrastructure, aws, docker",Cloud Architect
"google cloud, serverless, cloud computing, terraform, azure",Cloud Architect
"aws, docker, devops, azure, kubernetes",Cloud Architect
"scrum, leadership, budgeting, planning, time management, agile",Project Manager
"scrum, time management, stakeholder management, planning",Project Manager
"project management, scrum, time management, stakeholder management, leadership, agile, budgeting",Project Manager
"budgeting, scrum, project management, time management, planning, agile",Project Manager
"stakeholder management, leadership, project management, budgeting, scrum, time management",Project Manager
"stakeholder management, leadership, planning, scrum, budgeting, agile, project management",Project Manager
"scrum, time management, project management, budgeting, stakeholder management, leadership, planning",Project Manager
"leadership, scrum, time management, agile, project management",Project Manager
"project management, scrum, planning, time management",Project Manager
"leadership, project management, planning, scrum, stakeholder management",Project Manager
"time management, agile, leadership, budgeting, stakeholder management, planning",Project Manager
"project management, time management, planning, agile, leadership",Project Manager
"project management, scrum, budgeting, stakeholder management",Project Manager
"time management, scrum, stakeholder management, leadership, budgeting, planning",Project Manager
"agile, project management, time management, budgeting, planning, stakeholder management, scrum",Project Manager
"stakeholder management, budgeting, scrum, planning, agile, leadership",Project Manager
"scrum, budgeting, agile, time management, stakeholder management",Project Manager
"leadership, time management, project management, scrum",Project Manager
"stakeholder management, agile, project management, budgeting",Project Manager
"planning, scrum, leadership, agile, budgeting",Project Manager
"scrum, stakeholder management, budgeting, agile",Project Manager
"agile, project management, scrum, time management",Project Manager
"planning, project management, agile, leadership, stakeholder management, budgeting",Project Manager
"budgeting, agile, planning, stakeholder management, scrum, project management, leadership",Project Manager
"scrum, project management, agile, planning, leadership",Project Manager
"scrum, agile, leadership, project management, time management",Project Manager
"planning, stakeholder management, budgeting, project management, time management, leadership",Project Manager
"time management, stakeholder management, budgeting, scrum, planning",Project Manager
"planning, budgeting, leadership, scrum",Project Manager
"time management, planning, leadership, project management",Project Manager
"planning, scrum, stakeholder management, leadership, project management, agile",Project Manager
"stakeholder management, scrum, project management, budgeting, time management",Project Manager
"scrum, project management, stakeholder management, planning, time management, agile, leadership",Project Manager
"stakeholder management, scrum, project management, leadership, time management",Project Manager
"project management, time management, agile, leadership",Project Manager
"stakeholder management, time management, agile, budgeting, planning",Project Manager
"budgeting, project management, time management, leadership, planning, stakeholder management, agile",Project Manager
"planning, project management, budgeting, stakeholder management, scrum, leadership, time management",Project Manager
"planning, leadership, project management, scrum",Project Manager
"leadership, agile, stakeholder management, planning",Project Manager
"leadership, project management, agile, time management, scrum, budgeting",Project Manager
"scrum, project management, stakeholder management, time management, agile, budgeting",Project Manager
"planning, budgeting, stakeholder management, time management",Project Manager
"agile, stakeholder management, planning, budgeting, project management, time management",Project Manager
"scrum, stakeholder management, time management, leadership, project management, budgeting",Project Manager
"project management, agile, leadership, budgeting",Project Manager
"agile, leadership, stakeholder management, planning",Project Manager
"agile, scrum, project management, planning",Project Manager
"leadership, planning, stakeholder management, project management, time management, budgeting",Project Manager
"stakeholder management, planning, budgeting, project management, time management, scrum",Project Manager
"budgeting, stakeholder management, planning, agile",Project Manager
"stakeholder management, budgeting, project management, time management, leadership, scrum",Project Manager
"project management, leadership, budgeting, agile, planning, scrum, stakeholder management",Project Manager
"agile, planning, leadership, project management",Project Manager
"budgeting, agile, stakeholder management, time management, leadership, scrum",Project Manager
"time management, leadership, planning, budgeting, scrum",Project Manager
"planning, budgeting, leadership, project management",Project Manager
"project management, budgeting, stakeholder management, agile",Project Manager
"planning, stakeholder management, project management, time management, leadership, scrum",Project Manager
"planning, project management, scrum, leadership, time management, stakeholder management, agile",Project Manager
"agile, budgeting, scrum, time management, project management",Project Manager
"project management, budgeting, leadership, planning, scrum",Project Manager
"agile, stakeholder management, planning, time management, budgeting, scrum",Project Manager
"budgeting, planning, time management, stakeholder management",Project Manager
"time management, budgeting, project management, stakeholder management",Project Manager
"stakeholder management, budgeting, time management, leadership",Project Manager
"scrum, stakeholder management, project management, time management",Project Manager
"leadership, budgeting, planning, project management, agile",Project Manager
"scrum, leadership, stakeholder management, project management, planning, time management, budgeting",Project Manager
"scrum, leadership, stakeholder management, planning",Project Manager
"planning, stakeholder management, time management, budgeting",Project Manager
"budgeting, agile, project management, stakeholder management",Project Manager
"leadership, stakeholder management, planning, time management, budgeting",Project Manager
"time management, leadership, agile, stakeholder management, project management",Project Manager
"stakeholder management, planning, agile, time management",Project Manager
"budgeting, project management, agile, time management, planning",Project Manager
"project management, budgeting, scrum, time management, agile, planning",Project Manager
"agile, planning, scrum, stakeholder management, time management, budgeting",Project Manager
"budgeting, project management, agile, leadership, planning",Project Manager
"scrum, stakeholder management, leadership, project management, time management, budgeting, planning",Project Manager
"planning, stakeholder management, project management, time management, agile",Project Manager
"scrum, stakeholder management, leadership, time management, planning",Project Manager
"project management, budgeting, leadership, agile, scrum, time management",Project Manager
"agile, project management, scrum, time management, budgeting, stakeholder management, leadership",Project Manager
"project management, stakeholder management, planning, leadership",Project Manager
"leadership, agile, budgeting, stakeholder management",Project Manager
"leadership, project management, scrum, time management, agile",Project Manager
"planning, stakeholder management, budgeting, agile",Project Manager
"stakeholder management, budgeting, time management, agile",Project Manager
"time management, project management, leadership, planning",Project Manager
"budgeting, time management, leadership, agile, scrum, stakeholder management",Project Manager
"stakeholder management, budgeting, leadership, agile",Project Manager
"planning, stakeholder management, leadership, time management, project management, agile, scrum",Project Manager
"budgeting, scrum, leadership, project management",Project Manager
"stakeholder management, scrum, time management, project management, budgeting, planning",Project Manager
"leadership, time management, agile, stakeholder management, project management, planning",Project Manager
"leadership, budgeting, project management, scrum, time management",Project Manager
"budgeting, scrum, agile, planning, project management",Project Manager
"leadership, budgeting, planning, time management, scrum",Project Manager
"project management, time management, planning, scrum, budgeting, agile",Project Manager
"planning, leadership, stakeholder management, time management, agile, scrum, project management",Project Manager
"planning, scrum, stakeholder management, agile, time management, leadership",Project Manager
"scrum, time management, agile, stakeholder management",Project Manager
"budgeting, project management, leadership, planning, time management",Project Manager
"time management, budgeting, scrum, agile, planning",Project Manager
"project management, budgeting, scrum, leadership",Project Manager
"scrum, project management, planning, budgeting",Project Manager
"time management, budgeting, leadership, scrum",Project Manager
"leadership, budgeting, time management, agile, scrum, planning, project management",Project Manager
"project management, budgeting, agile, stakeholder management",Project Manager
"planning, scrum, stakeholder management, project management, time management, leadership, agile",Project Manager
"project management, scrum, agile, planning, time management, budgeting",Project Manager
"leadership, project management, agile, scrum",Project Manager
"project management, planning, leadership, budgeting, time management, scrum",Project Manager
"time management, planning, scrum, stakeholder management",Project Manager
"scrum, planning, time management, leadership, budgeting, project management",Project Manager
"agile, scrum, budgeting, stakeholder management, leadership, time management, project management",Project Manager
"scrum, agile, budgeting, time management, project management",Project Manager
"time management, agile, planning, leadership, stakeholder management, project management, budgeting",Project Manager
"leadership, stakeholder management, agile, budgeting, time management",Project Manager
"planning, scrum, leadership, agile, budgeting",Project Manager
"budgeting, planning, scrum, time management, agile, leadership, stakeholder management",Project Manager
"agile, planning, budgeting, scrum",Project Manager
"stakeholder management, time management, budgeting, project management, agile, scrum",Project Manager
"budgeting, scrum, agile, project management",Project Manager
"time management, budgeting, scrum, stakeholder management, planning, project management, agile",Project Manager
"agile, scrum, stakeholder management, project management, time management, planning, leadership",Project Manager
"budgeting, time management, planning, leadership, project management, agile",Project Manager
"agile, leadership, scrum, time management, budgeting, project management, planning",Project Manager
"scrum, leadership, project management, planning",Project Manager
"agile, time management, project management, budgeting, scrum, leadership, planning",Project Manager
"project management, time management, scrum, budgeting, agile, planning, stakeholder management",Project Manager
"project management, time management, leadership, budgeting",Project Manager
"scrum, leadership, stakeholder management, time management",Project Manager
"stakeholder management, project management, leadership, scrum, agile, planning, budgeting",Project Manager
"scrum, agile, budgeting, stakeholder management, time management",Project Manager
"scrum, stakeholder management, budgeting, agile, leadership, planning, project management",Project Manager
"scrum, stakeholder management, agile, planning, leadership",Project Manager
"scrum, time management, stakeholder management, project management, leadership, planning, agile",Project Manager
"leadership, scrum, stakeholder management, budgeting",Project Manager
"planning, scrum, project management, stakeholder management, leadership, agile",Project Manager
"time management, leadership, project management, stakeholder management, agile, budgeting, scrum",Project Manager
"planning, agile, time management, budgeting",Project Manager
"agile, stakeholder management, project management, time management",Project Manager
"time management, planning, project management, budgeting, leadership, agile",Project Manager
"budgeting, leadership, project management, agile, stakeholder management",Project Manager
"scrum, leadership, stakeholder management, planning",Project Manager
"time management, agile, leadership, project management, scrum, stakeholder management",Project Manager
"budgeting, time management, scrum, agile, leadership, stakeholder management",Project Manager
"project management, budgeting, time management, scrum, leadership, planning, agile",Project Manager
"scrum, leadership, agile, planning",Project Manager
"stakeholder management, leadership, scrum, time management, project management",Project Manager
"stakeholder management, leadership, agile, time management, budgeting, scrum",Project Manager
"budgeting, agile, project management, scrum, leadership, planning",Project Manager
"planning, time management, scrum, project management, leadership",Project Manager
"scrum, leadership, agile, stakeholder management",Project Manager
"project management, scrum, agile, budgeting, time management",Project Manager
"leadership, stakeholder management, budgeting, time management, scrum, agile",Project Manager
"leadership, budgeting, stakeholder management, project management",Project Manager
"leadership, time management, agile, planning, budgeting, scrum, stakeholder management",Project Manager
"planning, leadership, budgeting, time management, stakeholder management",Project Manager
"scrum, agile, planning, budgeting, project management",Project Manager
"planning, budgeting, stakeholder management, leadership, scrum, time management",Project Manager
"agile, time management, project management, budgeting, scrum",Project Manager
"leadership, time management, scrum, planning",Project Manager
"time management, project management, scrum, stakeholder management, agile, leadership",Project Manager
"scrum, planning, agile, time management, budgeting",Project Manager
"leadership, project management, scrum, stakeholder management, planning, budgeting",Project Manager
"project management, time management, leadership, scrum, budgeting, planning",Project Manager
"scrum, stakeholder management, budgeting, planning",Project Manager
"planning, budgeting, time management, project management, leadership, scrum, agile",Project Manager
"stakeholder management, planning, budgeting, scrum, leadership",Project Manager
"scrum, stakeholder management, budgeting, leadership",Project Manager
"project management, budgeting, planning, time management, leadership, agile, scrum",Project Manager
"project management, stakeholder management, scrum, agile, time management",Project Manager
"planning, time management, stakeholder management, budgeting, agile",Project Manager
"time management, budgeting, leadership, planning, stakeholder management, project management",Project Manager
"stakeholder management, leadership, project management, budgeting, time management",Project Manager
"planning, leadership, budgeting, project management, agile, time management, scrum",Project Manager
"scrum, planning, agile, leadership, stakeholder management",Project Manager
"stakeholder management, scrum, leadership, budgeting, project management, agile, planning",Project Manager
"budgeting, scrum, project management, time management, stakeholder management, planning",Project Manager
"budgeting, scrum, leadership, planning, stakeholder management, agile, project management",Project Manager
"planning, budgeting, scrum, agile, leadership, stakeholder management, time management",Project Manager
"planning, leadership, scrum, stakeholder management",Project Manager
"budgeting, scrum, agile, project management, time management",Project Manager
"agile, leadership, stakeholder management, budgeting, planning",Project Manager
"planning, time management, stakeholder management, project management, agile, budgeting, leadership",Project Manager
"time management, agile, planning, stakeholder management, scrum",Project Manager
"project management, budgeting, agile, stakeholder management",Project Manager
"time management, leadership, budgeting, agile, project management",Project Manager
"time management, planning, stakeholder management, agile, budgeting, scrum, project management",Project Manager
"budgeting, time management, scrum, stakeholder management, planning",Project Manager
"agile, planning, budgeting, time management, leadership, scrum",Project Manager
"scrum, project management, agile, time management, leadership",Project Manager
"project management, planning, stakeholder management, scrum, budgeting",Project Manager
"planning, stakeholder management, agile, time management, project management",Project Manager
"agile, leadership, planning, budgeting, project management, scrum",Project Manager
"project management, leadership, stakeholder management, time management, agile",Project Manager
"budgeting, agile, stakeholder management, scrum",Project Manager
"agile, budgeting, time management, project management, planning, scrum, stakeholder management",Project Manager
"scrum, planning, time management, budgeting, stakeholder management, agile",Project Manager
"leadership, planning, scrum, stakeholder management, project management",Project Manager
"stakeholder management, scrum, agile, time management, leadership, project management, planning",Project Manager
"project management, budgeting, agile, stakeholder management, leadership, time management",Project Manager
"time management, scrum, agile, budgeting, stakeholder management, project management, leadership",Project Manager
"time management, budgeting, scrum, project management, planning",Project Manager
"planning, leadership, budgeting, agile",Project Manager
"project management, agile, budgeting, scrum, stakeholder management",Project Manager
"budgeting, agile, planning, scrum",Project Manager
"leadership, time management, scrum, agile, stakeholder management",Project Manager
"time management, scrum, budgeting, leadership, project management, agile, stakeholder management",Project Manager
"time management, planning, leadership, stakeholder management, project management",Project Manager
"project management, leadership, scrum, stakeholder management, budgeting",Project Manager
"stakeholder management, project management, scrum, leadership",Project Manager
"time management, leadership, budgeting, planning, project management, agile, stakeholder management",Project Manager
"leadership, scrum, budgeting, planning",Project Manager
"scrum, agile, leadership, stakeholder management",Project Manager
"planning, scrum, agile, stakeholder management, leadership, time management",Project Manager
"stakeholder management, time management, budgeting, scrum",Project Manager
"budgeting, time management, planning, project management, scrum, agile, stakeholder management",Project Manager
"project management, stakeholder management, time management, scrum, agile, budgeting, planning",Project Manager
"agile, scrum, planning, budgeting, time management, project management",Project Manager
"scrum, project management, stakeholder management, agile, time management, budgeting, planning",Project Manager
"budgeting, planning, time management, scrum, agile, stakeholder management, project management",Project Manager
"agile, time management, budgeting, scrum",Project Manager
"time management, planning, leadership, scrum, budgeting",Project Manager
"leadership, scrum, project management, agile, stakeholder management",Project Manager
"planning, stakeholder management, time management, agile, scrum",Project Manager
"budgeting, leadership, scrum, planning",Project Manager
"scrum, leadership, budgeting, planning",Project Manager
"leadership, planning, project management, time management, stakeholder management",Project Manager
"stakeholder management, project management, budgeting, scrum, time management",Project Manager
"leadership, agile, budgeting, scrum, stakeholder management",Project Manager
"scrum, budgeting, planning, leadership, agile",Project Manager
"budgeting, leadership, scrum, time management",Project Manager
"scrum, agile, stakeholder management, time management, project management",Project Manager
"planning, scrum, project management, stakeholder management, agile",Project Manager
"time management, agile, planning, project management, leadership, stakeholder management",Project Manager
"budgeting, leadership, scrum, time management, agile, stakeholder management",Project Manager
"time management, leadership, stakeholder management, budgeting",Project Manager
"agile, project management, leadership, stakeholder management, planning",Project Manager
"stakeholder management, budgeting, planning, leadership, time management, scrum",Project Manager
"budgeting, time management, leadership, planning, project management, agile, stakeholder management",Project Manager
"scrum, budgeting, agile, planning",Project Manager
"project management, stakeholder management, scrum, time management, agile",Project Manager
"leadership, project management, planning, agile, stakeholder management",Project Manager
"leadership, scrum, budgeting, stakeholder management, agile, time management",Project Manager
"time management, planning, project management, budgeting",Project Manager
"leadership, planning, time management, stakeholder management",Project Manager
"negotiation, requirements gathering, process improvement, documentation",Business Analyst
"communication, data modeling, process improvement, problem solving, requirements gathering, negotiation, documentation",Business Analyst
"requirements gathering, data modeling, documentation, negotiation, problem solving, process improvement, communication",Business Analyst
"process improvement, documentation, data modeling, requirements gathering",Business Analyst
"process improvement, problem solving, data modeling, documentation",Business Analyst
"data modeling, process improvement, requirements gathering, documentation",Business Analyst
"communication, process improvement, problem solving, negotiation, requirements gathering, data modeling, documentation",Business Analyst
"documentation, process improvement, communication, data modeling, negotiation",Business Analyst
"communication, negotiation, documentation, process improvement",Business Analyst
"problem solving, data modeling, requirements gathering, communication, documentation",Business Analyst
"problem solving, communication, requirements gathering, data modeling, documentation, process improvement, negotiation",Business Analyst
"documentation, requirements gathering, problem solving, data modeling",Business Analyst
"negotiation, documentation, data modeling, communication, problem solving, process improvement, requirements gathering",Business Analyst
"process improvement, data modeling, problem solving, requirements gathering, documentation, communication",Business Analyst
"requirements gathering, documentation, problem solving, process improvement",Business Analyst
"requirements gathering, process improvement, documentation, negotiation, data modeling",Business Analyst
"problem solving, documentation, negotiation, communication",Business Analyst
"documentation, negotiation, problem solving, communication, process improvement",Business Analyst
"data modeling, communication, negotiation, problem solving, process improvement",Business Analyst
"problem solving, documentation, negotiation, data modeling, process improvement, communication",Business Analyst
"communication, requirements gathering, process improvement, negotiation, data modeling, documentation, problem solving",Business Analyst
"data modeling, negotiation, communication, process improvement, requirements gathering, documentation, problem solving",Business Analyst
"problem solving, requirements gathering, communication, data modeling, process improvement, negotiation, documentation",Business Analyst
"requirements gathering, communication, data modeling, negotiation, documentation, problem solving",Business Analyst
"problem solving, negotiation, communication, process improvement, data modeling, documentation, requirements gathering",Business Analyst
"problem solving, communication, data modeling, documentation, requirements gathering, process improvement, negotiation",Business Analyst
"requirements gathering, documentation, problem solving, data modeling, communication, process improvement",Business Analyst
"documentation, data modeling, negotiation, communication",Business Analyst
"process improvement, requirements gathering, documentation, negotiation, problem solving, communication",Business Analyst
"requirements gathering, communication, data modeling, documentation",Business Analyst
"documentation, data modeling, process improvement, problem solving",Business Analyst
"problem solving, negotiation, data modeling, process improvement, communication",Business Analyst
"problem solving, documentation, process improvement, communication, negotiation",Business Analyst
"data modeling, documentation, process improvement, negotiation, communication, requirements gathering",Business Analyst
"documentation, requirements gathering, problem solving, communication",Business Analyst
"problem solving, data modeling, communication, process improvement, documentation, negotiation, requirements gathering",Business Analyst
"problem solving, process improvement, data modeling, communication, documentation, requirements gathering, negotiation",Business Analyst
"process improvement, communication, documentation, data modeling",Business Analyst
"negotiation, documentation, data modeling, requirements gathering, process improvement, communication, problem solving",Business Analyst
"requirements gathering, process improvement, negotiation, communication",Business Analyst
"requirements gathering, communication, data modeling, documentation",Business Analyst
"negotiation, problem solving, requirements gathering, data modeling, documentation, communication",Business Analyst
"documentation, requirements gathering, negotiation, problem solving, process improvement",Business Analyst
"communication, requirements gathering, data modeling, documentation",Business Analyst
"problem solving, documentation, data modeling, process improvement, communication, negotiation, requirements gathering",Business Analyst
"negotiation, data modeling, problem solving, communication, documentation",Business Analyst
"requirements gathering, problem solving, process improvement, data modeling, communication, documentation",Business Analyst
"requirements gathering, data modeling, problem solving, process improvement",Business Analyst
"process improvement, negotiation, communication, problem solving, requirements gathering",Business Analyst
"communication, requirements gathering, process improvement, problem solving, negotiation, data modeling",Business Analyst
"data modeling, documentation, problem solving, negotiation, process improvement, communication",Business Analyst
"communication, data modeling, negotiation, problem solving",Business Analyst
"data modeling, communication, documentation, problem solving, process improvement, requirements gathering",Business Analyst
"process improvement, problem solving, documentation, negotiation, communication",Business Analyst
"problem solving, documentation, communication, data modeling, requirements gathering, negotiation, process improvement",Business Analyst
"negotiation, communication, process improvement, documentation, requirements gathering, problem solving, data modeling",Business Analyst
"data modeling, requirements gathering, process improvement, documentation, negotiation, communication",Business Analyst
"negotiation, communication, problem solving, process improvement, data modeling, documentation, requirements gathering",Business Analyst
"problem solving, communication, process improvement, requirements gathering, data modeling",Business Analyst
"problem solving, data modeling, documentation, communication",Business Analyst
"problem solving, data modeling, communication, negotiation, requirements gathering, documentation, process improvement",Business Analyst
"communication, data modeling, process improvement, problem solving, negotiation, documentation, requirements gathering",Business Analyst
"communication, documentation, requirements gathering, data modeling, negotiation, problem solving, process improvement",Business Analyst
"process improvement, requirements gathering, documentation, data modeling",Business Analyst
"requirements gathering, communication, problem solving, negotiation",Business Analyst
"data modeling, problem solving, documentation, communication, requirements gathering, process improvement",Business Analyst
"requirements gathering, problem solving, communication, process improvement",Business Analyst
"problem solving, data modeling, negotiation, requirements gathering, process improvement",Business Analyst
"communication, data modeling, problem solving, documentation, process improvement, negotiation, requirements gathering",Business Analyst
"communication, problem solving, documentation, requirements gathering, process improvement, negotiation",Business Analyst
"requirements gathering, communication, documentation, data modeling",Business Analyst
"requirements gathering, communication, problem solving, negotiation",Business Analyst
"data modeling, requirements gathering, problem solving, documentation, communication",Business Analyst
"communication, problem solving, documentation, data modeling, requirements gathering",Business Analyst
"data modeling, documentation, negotiation, process improvement",Business Analyst
"requirements gathering, data modeling, negotiation, communication, problem solving, process improvement, documentation",Business Analyst
"requirements gathering, problem solving, process improvement, communication, documentation",Business Analyst
"requirements gathering, data modeling, process improvement, communication, negotiation, problem solving",Business Analyst
"problem solving, documentation, data modeling, requirements gathering, communication, negotiation",Business Analyst
"negotiation, data modeling, documentation, requirements gathering, problem solving",Business Analyst
"problem solving, communication, data modeling, documentation, requirements gathering, negotiation",Business Analyst
"requirements gathering, negotiation, communication, documentation, process improvement, problem solving, data modeling",Business Analyst
"data modeling, documentation, negotiation, communication, requirements gathering, problem solving",Business Analyst
"documentation, process improvement, negotiation, problem solving, communication",Business Analyst
"data modeling, process improvement, negotiation, problem solving",Business Analyst
"communication, process improvement, problem solving, data modeling, requirements gathering, negotiation, documentation",Business Analyst
"process improvement, data modeling, negotiation, requirements gathering",Business Analyst
"documentation, requirements gathering, process improvement, data modeling",Business Analyst
"documentation, negotiation, communication, problem solving, process improvement, requirements gathering",Business Analyst
"data modeling, negotiation, documentation, problem solving, process improvement",Business Analyst
"problem solving, requirements gathering, data modeling, process improvement, communication, negotiation",Business Analyst
"communication, negotiation, process improvement, documentation, requirements gathering",Business Analyst
"process improvement, requirements gathering, problem solving, negotiation, communication, documentation",Business Analyst
"negotiation, requirements gathering, process improvement, problem solving, documentation",Business Analyst
"data modeling, negotiation, process improvement, documentation",Business Analyst
"requirements gathering, process improvement, documentation, negotiation, problem solving",Business Analyst
"process improvement, requirements gathering, data modeling, problem solving, documentation, communication",Business Analyst
"negotiation, data modeling, process improvement, documentation, requirements gathering",Business Analyst
"documentation, data modeling, process improvement, communication, requirements gathering, problem solving, negotiation",Business Analyst
"negotiation, process improvement, requirements gathering, communication",Business Analyst
"process improvement, negotiation, problem solving, data modeling, documentation",Business Analyst
"data modeling, negotiation, requirements gathering, documentation",Business Analyst
"communication, documentation, data modeling, process improvement, negotiation, problem solving",Business Analyst
"process improvement, negotiation, communication, data modeling, documentation, requirements gathering, problem solving",Business Analyst
"problem solving, communication, process improvement, documentation, requirements gathering",Business Analyst
"problem solving, negotiation, communication, documentation, process improvement, data modeling",Business Analyst
"data modeling, process improvement, communication, negotiation, requirements gathering, problem solving, documentation",Business Analyst
"problem solving, documentation, requirements gathering, communication, data modeling, process improvement, negotiation",Business Analyst
"requirements gathering, documentation, process improvement, data modeling, communication, negotiation",Business Analyst
"documentation, problem solving, process improvement, communication, negotiation",Business Analyst
"documentation, negotiation, data modeling, requirements gathering, process improvement, communication",Business Analyst
"process improvement, data modeling, negotiation, requirements gathering, documentation",Business Analyst
"process improvement, data modeling, communication, negotiation, requirements gathering, documentation, problem solving",Business Analyst
"process improvement, requirements gathering, negotiation, data modeling, communication",Business Analyst
"data modeling, process improvement, requirements gathering, communication, documentation, problem solving, negotiation",Business Analyst
"communication, requirements gathering, problem solving, data modeling",Business Analyst
"data modeling, process improvement, problem solving, communication, documentation, negotiation, requirements gathering",Business Analyst
"data modeling, communication, negotiation, requirements gathering",Business Analyst
"negotiation, process improvement, data modeling, problem solving, requirements gathering, communication",Business Analyst
"documentation, negotiation, communication, problem solving, requirements gathering, process improvement, data modeling",Business Analyst
"data modeling, communication, negotiation, requirements gathering, problem solving, process improvement",Business Analyst
"documentation, problem solving, requirements gathering, process improvement, negotiation",Business Analyst
"requirements gathering, data modeling, process improvement, problem solving, documentation, negotiation",Business Analyst
"documentation, problem solving, negotiation, data modeling, requirements gathering",Business Analyst
"process improvement, negotiation, data modeling, problem solving, documentation, requirements gathering",Business Analyst
"negotiation, requirements gathering, problem solving, documentation",Business Analyst
"negotiation, problem solving, requirements gathering, process improvement, documentation, data modeling, communication",Business Analyst
"negotiation, requirements gathering, documentation, problem solving, data modeling, communication, process improvement",Business Analyst
"documentation, data modeling, process improvement, communication, negotiation, problem solving, requirements gathering",Business Analyst
"process improvement, data modeling, requirements gathering, communication, documentation, problem solving, negotiation",Business Analyst
"data modeling, documentation, process improvement, problem solving, communication, requirements gathering",Business Analyst
"problem solving, process improvement, data modeling, negotiation, documentation, communication",Business Analyst
"negotiation, communication, requirements gathering, data modeling, process improvement, problem solving, documentation",Business Analyst
"negotiation, data modeling, communication, requirements gathering",Business Analyst
"process improvement, requirements gathering, communication, problem solving",Business Analyst
"requirements gathering, process improvement, data modeling, communication, documentation, negotiation, problem solving",Business Analyst
"problem solving, requirements gathering, process improvement, data modeling",Business Analyst
"requirements gathering, negotiation, process improvement, documentation",Business Analyst
"requirements gathering, negotiation, process improvement, communication, documentation, data modeling",Business Analyst
"data modeling, documentation, negotiation, requirements gathering",Business Analyst
"negotiation, communication, data modeling, process improvement, documentation, requirements gathering",Business Analyst
"process improvement, communication, documentation, problem solving, data modeling, negotiation",Business Analyst
"data modeling, process improvement, documentation, requirements gathering, negotiation, communication",Business Analyst
"documentation, negotiation, process improvement, problem solving, data modeling, communication, requirements gathering",Business Analyst
"process improvement, requirements gathering, negotiation, documentation, communication",Business Analyst
"data modeling, problem solving, negotiation, communication",Business Analyst
"communication, documentation, negotiation, problem solving, requirements gathering, process improvement",Business Analyst
"requirements gathering, problem solving, negotiation, process improvement, communication, data modeling, documentation",Business Analyst
"communication, data modeling, negotiation, process improvement, requirements gathering",Business Analyst
"communication, documentation, process improvement, problem solving, data modeling, negotiation, requirements gathering",Business Analyst
"communication, problem solving, process improvement, data modeling, documentation",Business Analyst
"requirements gathering, problem solving, data modeling, negotiation, documentation, communication, process improvement",Business Analyst
"data modeling, documentation, problem solving, communication, requirements gathering, process improvement, negotiation",Business Analyst
"process improvement, negotiation, communication, problem solving, data modeling, requirements gathering, documentation",Business Analyst
"negotiation, data modeling, problem solving, process improvement, communication, requirements gathering, documentation",Business Analyst
"negotiation, requirements gathering, communication, process improvement, documentation, data modeling, problem solving",Business Analyst
"problem solving, requirements gathering, negotiation, process improvement, data modeling",Business Analyst
"problem solving, negotiation, data modeling, documentation, process improvement",Business Analyst
"documentation, requirements gathering, data modeling, communication, problem solving, process improvement",Business Analyst
"communication, data modeling, requirements gathering, problem solving, negotiation",Business Analyst
"negotiation, problem solving, communication, data modeling",Business Analyst
"process improvement, communication, documentation, problem solving, data modeling",Business Analyst
"negotiation, requirements gathering, data modeling, problem solving, documentation",Business Analyst
"documentation, negotiation, communication, process improvement, data modeling, problem solving, requirements gathering",Business Analyst
"problem solving, requirements gathering, communication, negotiation",Business Analyst
"documentation, requirements gathering, communication, problem solving, process improvement, data modeling",Business Analyst
"communication, data modeling, requirements gathering, documentation, process improvement, problem solving, negotiation",Business Analyst
"negotiation, communication, problem solving, data modeling, documentation",Business Analyst
"process improvement, problem solving, requirements gathering, negotiation, communication, data modeling, documentation",Business Analyst
"process improvement, problem solving, negotiation, communication",Business Analyst
"negotiation, process improvement, documentation, communication, requirements gathering, problem solving",Business Analyst
"requirements gathering, negotiation, process improvement, data modeling",Business Analyst
"requirements gathering, documentation, data modeling, communication, process improvement, negotiation, problem solving",Business Analyst
"documentation, communication, data modeling, process improvement, negotiation",Business Analyst
"problem solving, documentation, requirements gathering, communication",Business Analyst
"data modeling, documentation, negotiation, problem solving, process improvement",Business Analyst
"data modeling, process improvement, requirements gathering, communication",Business Analyst
"data modeling, problem solving, documentation, communication",Business Analyst
"negotiation, process improvement, data modeling, documentation, requirements gathering",Business Analyst
"data modeling, problem solving, documentation, communication, requirements gathering, negotiation, process improvement",Business Analyst
"documentation, requirements gathering, data modeling, problem solving, process improvement, communication, negotiation",Business Analyst
"documentation, communication, problem solving, requirements gathering, process improvement",Business Analyst
"data modeling, negotiation, problem solving, requirements gathering, documentation, communication",Business Analyst
"process improvement, negotiation, problem solving, requirements gathering",Business Analyst
"problem solving, process improvement, data modeling, communication, negotiation, requirements gathering, documentation",Business Analyst
"requirements gathering, negotiation, process improvement, documentation, communication, data modeling",Business Analyst
"negotiation, requirements gathering, documentation, problem solving, data modeling, communication, process improvement",Business Analyst
"negotiation, data modeling, process improvement, communication",Business Analyst
"process improvement, problem solving, data modeling, requirements gathering, negotiation",Business Analyst
"requirements gathering, data modeling, problem solving, process improvement, communication",Business Analyst
"process improvement, negotiation, data modeling, communication, problem solving, requirements gathering, documentation",Business Analyst
"negotiation, requirements gathering, process improvement, data modeling, documentation, communication, problem solving",Business Analyst
"requirements gathering, problem solving, documentation, process improvement, negotiation, communication, data modeling",Business Analyst
"documentation, communication, data modeling, requirements gathering",Business Analyst
"problem solving, process improvement, requirements gathering, communication, documentation, negotiation",Business Analyst
"requirements gathering, process improvement, negotiation, communication, problem solving",Business Analyst
"documentation, communication, data modeling, requirements gathering",Business Analyst
"documentation, problem solving, negotiation, process improvement",Business Analyst
"requirements gathering, documentation, problem solving, process improvement",Business Analyst
"problem solving, communication, negotiation, data modeling, documentation",Business Analyst
"communication, documentation, process improvement, data modeling",Business Analyst
"data modeling, negotiation, process improvement, requirements gathering, problem solving",Business Analyst
"problem solving, requirements gathering, process improvement, communication, documentation",Business Analyst
"communication, requirements gathering, data modeling, documentation, negotiation",Business Analyst
"documentation, process improvement, negotiation, communication, data modeling",Business Analyst
"process improvement, negotiation, data modeling, documentation",Business Analyst
"problem solving, data modeling, communication, requirements gathering, documentation, process improvement, negotiation",Business Analyst
"data modeling, communication, documentation, negotiation",Business Analyst
"data modeling, documentation, negotiation, problem solving",Business Analyst
"requirements gathering, negotiation, problem solving, communication",Business Analyst
"data modeling, problem solving, documentation, communication",Business Analyst
"negotiation, data modeling, process improvement, problem solving, communication",Business Analyst
"documentation, data modeling, negotiation, process improvement",Business Analyst
"negotiation, process improvement, problem solving, documentation, requirements gathering",Business Analyst
"process improvement, problem solving, communication, documentation, data modeling, requirements gathering",Business Analyst
"process improvement, documentation, problem solving, negotiation, communication, data modeling",Business Analyst
"negotiation, process improvement, data modeling, requirements gathering",Business Analyst
"communication, data modeling, documentation, negotiation",Business Analyst
"negotiation, communication, data modeling, process improvement, problem solving, documentation",Business Analyst
"problem solving, data modeling, documentation, communication, process improvement",Business Analyst
"negotiation, requirements gathering, process improvement, documentation",Business Analyst
"negotiation, process improvement, requirements gathering, documentation, communication, problem solving, data modeling",Business Analyst
"requirements gathering, communication, process improvement, data modeling, problem solving, negotiation",Business Analyst
"communication, documentation, process improvement, data modeling, negotiation, problem solving, requirements gathering",Business Analyst
"requirements gathering, communication, negotiation, problem solving, documentation",Business Analyst
"process improvement, data modeling, problem solving, negotiation, communication, documentation, requirements gathering",Business Analyst
"negotiation, documentation, data modeling, requirements gathering, process improvement, communication, problem solving",Business Analyst
"negotiation, communication, requirements gathering, data modeling, problem solving",Business Analyst
"problem solving, requirements gathering, process improvement, negotiation, communication",Business Analyst
"negotiation, requirements gathering, problem solving, data modeling",Business Analyst
"documentation, process improvement, requirements gathering, problem solving",Business Analyst
"data modeling, problem solving, process improvement, requirements gathering, documentation, negotiation, communication",Business Analyst
"problem solving, negotiation, process improvement, documentation, data modeling",Business Analyst
"problem solving, requirements gathering, process improvement, documentation, data modeling, communication",Business Analyst
"problem solving, communication, data modeling, requirements gathering",Business Analyst
"communication, negotiation, problem solving, requirements gathering, data modeling, documentation",Business Analyst
"problem solving, requirements gathering, communication, process improvement, data modeling",Business Analyst
"negotiation, data modeling, communication, documentation",Business Analyst
"requirements gathering, process improvement, negotiation, problem solving, data modeling",Business Analyst
"problem solving, negotiation, requirements gathering, process improvement",Business Analyst
"process improvement, communication, data modeling, requirements gathering, documentation, problem solving",Business Analyst
"negotiation, communication, problem solving, requirements gathering, process improvement, data modeling",Business Analyst
"process improvement, requirements gathering, communication, documentation, data modeling, negotiation, problem solving",Business Analyst
"documentation, process improvement, requirements gathering, negotiation",Business Analyst
"requirements gathering, negotiation, documentation, data modeling, communication",Business Analyst
"problem solving, data modeling, process improvement, communication, negotiation",Business Analyst
"negotiation, requirements gathering, data modeling, process improvement, problem solving, documentation",Business Analyst
"documentation, requirements gathering, problem solving, communication, negotiation, data modeling, process improvement",Business Analyst
"requirements gathering, process improvement, communication, problem solving, documentation",Business Analyst
"requirements gathering, process improvement, problem solving, documentation, communication",Business Analyst
"relationship management, sales strategy, lead generation, negotiation, closing deals, communication, pitching",Sales Executive
"lead generation, negotiation, relationship management, communication, sales strategy, pitching, closing deals",Sales Executive
"closing deals, lead generation, communication, relationship management",Sales Executive
"negotiation, relationship management, communication, lead generation, sales strategy",Sales Executive
"communication, relationship management, lead generation, closing deals, negotiation, pitching",Sales Executive
"negotiation, relationship management, sales strategy, lead generation, closing deals, pitching, communication",Sales Executive
"pitching, negotiation, closing deals, lead generation, relationship management, sales strategy",Sales Executive
"communication, relationship management, closing deals, sales strategy",Sales Executive
"communication, negotiation, sales strategy, pitching, relationship management, lead generation, closing deals",Sales Executive
"closing deals, pitching, lead generation, negotiation, communication, relationship management",Sales Executive
"lead generation, relationship management, negotiation, pitching, sales strategy, communication, closing deals",Sales Executive
"lead generation, sales strategy, closing deals, relationship management, negotiation, communication, pitching",Sales Executive
"lead generation, sales strategy, communication, negotiation",Sales Executive
"sales strategy, relationship management, pitching, closing deals, communication, negotiation",Sales Executive
"negotiation, relationship management, closing deals, sales strategy, lead generation, communication",Sales Executive
"relationship management, closing deals, pitching, sales strategy, lead generation, negotiation",Sales Executive
"relationship management, sales strategy, communication, negotiation, closing deals",Sales Executive
"lead generation, negotiation, relationship management, pitching, closing deals",Sales Executive
"sales strategy, negotiation, relationship management, pitching, closing deals, communication",Sales Executive
"negotiation, sales strategy, closing deals, relationship management",Sales Executive
"negotiation, lead generation, sales strategy, communication, pitching, relationship management, closing deals",Sales Executive
"communication, sales strategy, relationship management, negotiation, lead generation",Sales Executive
"relationship management, communication, negotiation, closing deals, sales strategy",Sales Executive
"lead generation, relationship management, sales strategy, closing deals, pitching",Sales Executive
"pitching, negotiation, communication, lead generation",Sales Executive
"negotiation, closing deals, lead generation, sales strategy",Sales Executive
"sales strategy, negotiation, communication, relationship management, closing deals, pitching, lead generation",Sales Executive
"relationship management, lead generation, communication, closing deals, negotiation, pitching, sales strategy",Sales Executive
"negotiation, lead generation, sales strategy, pitching, closing deals",Sales Executive
"communication, relationship management, negotiation, pitching, closing deals, lead generation, sales strategy",Sales Executive
"pitching, closing deals, sales strategy, communication, negotiation",Sales Executive
"communication, closing deals, sales strategy, lead generation, pitching, relationship management",Sales Executive
"relationship management, pitching, closing deals, negotiation, sales strategy, communication, lead generation",Sales Executive
"communication, sales strategy, pitching, negotiation, closing deals",Sales Executive
"sales strategy, negotiation, closing deals, pitching, lead generation, relationship management, communication",Sales Executive
"relationship management, sales strategy, closing deals, communication, pitching, negotiation, lead generation",Sales Executive
"lead generation, relationship management, pitching, sales strategy, communication",Sales Executive
"negotiation, communication, closing deals, relationship management, pitching, lead generation",Sales Executive
"negotiation, closing deals, communication, pitching, lead generation",Sales Executive
"relationship management, sales strategy, negotiation, closing deals",Sales Executive
"relationship management, pitching, communication, negotiation, closing deals, sales strategy, lead generation",Sales Executive
"closing deals, lead generation, sales strategy, relationship management, pitching",Sales Executive
"relationship management, lead generation, negotiation, pitching",Sales Executive
"sales strategy, communication, lead generation, pitching, negotiation, relationship management",Sales Executive
"sales strategy, pitching, communication, negotiation, lead generation, relationship management, closing deals",Sales Executive
"pitching, lead generation, closing deals, communication, sales strategy, negotiation",Sales Executive
"communication, sales strategy, relationship management, pitching",Sales Executive
"negotiation, communication, closing deals, sales strategy, pitching, lead generation",Sales Executive
"pitching, lead generation, negotiation, communication",Sales Executive
"relationship management, negotiation, sales strategy, pitching, closing deals, lead generation",Sales Executive
"communication, relationship management, closing deals, lead generation",Sales Executive
"negotiation, communication, relationship management, closing deals, pitching",Sales Executive
"relationship management, lead generation, closing deals, communication",Sales Executive
"closing deals, sales strategy, pitching, relationship management, communication",Sales Executive
"closing deals, relationship management, pitching, communication, negotiation, sales strategy",Sales Executive
"relationship management, lead generation, pitching, negotiation, sales strategy",Sales Executive
"pitching, negotiation, lead generation, closing deals, sales strategy, relationship management",Sales Executive
"negotiation, sales strategy, pitching, lead generation, relationship management, closing deals",Sales Executive
"sales strategy, communication, pitching, relationship management",Sales Executive
"lead generation, pitching, sales strategy, communication, negotiation, closing deals",Sales Executive
"lead generation, relationship management, pitching, closing deals, negotiation, communication",Sales Executive
"communication, closing deals, relationship management, pitching, sales strategy, lead generation, negotiation",Sales Executive
"pitching, lead generation, closing deals, relationship management, sales strategy, negotiation",Sales Executive
"closing deals, sales strategy, lead generation, relationship management",Sales Executive
"sales strategy, negotiation, pitching, closing deals, relationship management",Sales Executive
"pitching, lead generation, communication, closing deals, negotiation",Sales Executive
"communication, relationship management, negotiation, closing deals, sales strategy",Sales Executive
"communication, sales strategy, lead generation, closing deals",Sales Executive
"lead generation, relationship management, pitching, negotiation, closing deals, sales strategy, communication",Sales Executive
"sales strategy, negotiation, lead generation, pitching, closing deals",Sales Executive
"closing deals, negotiation, lead generation, relationship management, sales strategy, communication",Sales Executive
"relationship management, lead generation, closing deals, negotiation, pitching",Sales Executive
"communication, negotiation, relationship management, closing deals, sales strategy",Sales Executive
"relationship management, closing deals, communication, negotiation, sales strategy",Sales Executive
"sales strategy, lead generation, pitching, relationship management, negotiation, closing deals",Sales Executive
"negotiation, relationship management, pitching, sales strategy, lead generation, communication, closing deals",Sales Executive
"relationship management, negotiation, closing deals, communication, lead generation, sales strategy, pitching",Sales Executive
"relationship management, pitching, closing deals, sales strategy, negotiation, communication",Sales Executive
"lead generation, sales strategy, relationship management, communication",Sales Executive
"closing deals, sales strategy, relationship management, negotiation, communication",Sales Executive
"pitching, closing deals, lead generation, sales strategy, negotiation",Sales Executive
"relationship management, lead generation, communication, sales strategy, closing deals, negotiation, pitching",Sales Executive
"sales strategy, lead generation, closing deals, negotiation, pitching",Sales Executive
"lead generation, relationship management, closing deals, negotiation",Sales Executive
"negotiation, pitching, sales strategy, lead generation, relationship management, closing deals",Sales Executive
"closing deals, pitching, sales strategy, negotiation, relationship management, communication",Sales Executive
"relationship management, pitching, closing deals, sales strategy",Sales Executive
"lead generation, sales strategy, communication, pitching, closing deals, negotiation",Sales Executive
"lead generation, sales strategy, communication, closing deals, pitching, negotiation",Sales Executive
"closing deals, negotiation, sales strategy, relationship management, communication",Sales Executive
"relationship management, lead generation, communication, pitching",Sales Executive
"lead generation, relationship management, communication, sales strategy",Sales Executive
"closing deals, negotiation, communication, sales strategy, pitching, relationship management",Sales Executive
"sales strategy, relationship management, negotiation, communication, pitching",Sales Executive
"sales strategy, pitching, communication, relationship management",Sales Executive
"relationship management, negotiation, sales strategy, lead generation, communication, closing deals",Sales Executive
"communication, relationship management, sales strategy, lead generation",Sales Executive
"relationship management, negotiation, communication, closing deals, lead generation, pitching, sales strategy",Sales Executive
"relationship management, lead generation, sales strategy, pitching, closing deals, communication",Sales Executive
"relationship management, closing deals, communication, negotiation, lead generation, sales strategy, pitching",Sales Executive
"closing deals, sales strategy, pitching, lead generation, communication, negotiation",Sales Executive
"lead generation, pitching, closing deals, sales strategy, communication",Sales Executive
"communication, lead generation, closing deals, pitching, negotiation, sales strategy, relationship management",Sales Executive
"relationship management, closing deals, communication, lead generation, negotiation, sales strategy, pitching",Sales Executive
"sales strategy, closing deals, communication, lead generation, pitching, negotiation",Sales Executive
"communication, relationship management, lead generation, negotiation, sales strategy",Sales Executive
"relationship management, lead generation, communication, sales strategy",Sales Executive
"closing deals, relationship management, negotiation, lead generation, communication, pitching, sales strategy",Sales Executive
"communication, negotiation, lead generation, closing deals, sales strategy, pitching, relationship management",Sales Executive
"sales strategy, communication, closing deals, lead generation, relationship management",Sales Executive
"negotiation, sales strategy, lead generation, communication, pitching, relationship management, closing deals",Sales Executive
"closing deals, pitching, relationship management, sales strategy, lead generation, communication",Sales Executive
"lead generation, communication, pitching, sales strategy, closing deals",Sales Executive
"closing deals, sales strategy, lead generation, negotiation, communication",Sales Executive
"lead generation, communication, relationship management, sales strategy, pitching, closing deals",Sales Executive
"sales strategy, communication, relationship management, negotiation, lead generation, pitching, closing deals",Sales Executive
"closing deals, relationship management, lead generation, communication",Sales Executive
"lead generation, relationship management, sales strategy, communication, pitching, closing deals",Sales Executive
"sales strategy, communication, pitching, lead generation, negotiation, closing deals, relationship management",Sales Executive
"relationship management, pitching, closing deals, negotiation, sales strategy, lead generation, communication",Sales Executive
"sales strategy, lead generation, relationship management, closing deals, communication, pitching, negotiation",Sales Executive
"negotiation, relationship management, communication, closing deals, lead generation, sales strategy, pitching",Sales Executive
"closing deals, relationship management, negotiation, lead generation, sales strategy, pitching",Sales Executive
"communication, pitching, sales strategy, relationship management",Sales Executive
"negotiation, relationship management, sales strategy, closing deals, communication",Sales Executive
"pitching, sales strategy, communication, negotiation, lead generation, relationship management",Sales Executive
"communication, lead generation, sales strategy, closing deals, relationship management",Sales Executive
"lead generation, communication, relationship management, pitching",Sales Executive
"communication, relationship management, sales strategy, pitching, negotiation, closing deals",Sales Executive
"sales strategy, closing deals, pitching, lead generation, communication",Sales Executive
"closing deals, relationship management, negotiation, sales strategy",Sales Executive
"closing deals, communication, lead generation, negotiation, pitching",Sales Executive
"relationship management, pitching, communication, sales strategy",Sales Executive
"sales strategy, negotiation, relationship management, pitching",Sales Executive
"closing deals, sales strategy, pitching, relationship management",Sales Executive
"lead generation, communication, pitching, relationship management, negotiation, closing deals",Sales Executive
"negotiation, sales strategy, pitching, relationship management, lead generation, closing deals, communication",Sales Executive
"relationship management, communication, pitching, sales strategy, lead generation, negotiation",Sales Executive
"lead generation, closing deals, pitching, negotiation, relationship management, communication",Sales Executive
"closing deals, relationship management, negotiation, communication, lead generation, sales strategy",Sales Executive
"negotiation, closing deals, relationship management, communication, lead generation, sales strategy",Sales Executive
"sales strategy, pitching, communication, lead generation, negotiation, closing deals, relationship management",Sales Executive
"communication, lead generation, pitching, negotiation, sales strategy",Sales Executive
"relationship management, negotiation, pitching, communication, sales strategy, closing deals, lead generation",Sales Executive
"negotiation, closing deals, relationship management, sales strategy, communication",Sales Executive
"relationship management, closing deals, communication, lead generation, negotiation",Sales Executive
"negotiation, closing deals, sales strategy, lead generation, communication, pitching",Sales Executive
"lead generation, closing deals, relationship management, communication, pitching, negotiation",Sales Executive
"communication, sales strategy, lead generation, closing deals, pitching, negotiation",Sales Executive
"relationship management, pitching, closing deals, communication, sales strategy, negotiation",Sales Executive
"lead generation, communication, sales strategy, relationship management, pitching, closing deals, negotiation",Sales Executive
"negotiation, relationship management, sales strategy, closing deals",Sales Executive
"relationship management, pitching, communication, negotiation, closing deals, lead generation, sales strategy",Sales Executive
"negotiation, closing deals, communication, lead generation, pitching, sales strategy",Sales Executive
"communication, closing deals, pitching, relationship management, lead generation, sales strategy, negotiation",Sales Executive
"communication, sales strategy, lead generation, closing deals, negotiation",Sales Executive
"lead generation, communication, pitching, relationship management, negotiation, closing deals, sales strategy",Sales Executive
"closing deals, pitching, negotiation, sales strategy",Sales Executive
"pitching, lead generation, negotiation, closing deals, relationship management, communication, sales strategy",Sales Executive
"negotiation, lead generation, relationship management, closing deals, pitching",Sales Executive
"lead generation, communication, relationship management, closing deals",Sales Executive
"sales strategy, negotiation, pitching, communication, closing deals, relationship management",Sales Executive
"communication, sales strategy, relationship management, negotiation",Sales Executive
"closing deals, pitching, communication, sales strategy",Sales Executive
"pitching, communication, sales strategy, closing deals, lead generation, relationship management, negotiation",Sales Executive
"sales strategy, communication, pitching, lead generation",Sales Executive
"relationship management, negotiation, sales strategy, lead generation, communication, pitching",Sales Executive
"closing deals, sales strategy, communication, negotiation, lead generation",Sales Executive
"closing deals, pitching, lead generation, negotiation, sales strategy, communication",Sales Executive
"communication, lead generation, relationship management, closing deals",Sales Executive
"sales strategy, closing deals, pitching, lead generation",Sales Executive
"sales strategy, lead generation, relationship management, pitching, negotiation, closing deals",Sales Executive
"pitching, communication, closing deals, relationship management, sales strategy",Sales Executive
"closing deals, communication, pitching, lead generation, sales strategy, negotiation, relationship management",Sales Executive
"relationship management, communication, lead generation, pitching, negotiation, sales strategy, closing deals",Sales Executive
"lead generation, communication, sales strategy, pitching",Sales Executive
"pitching, relationship management, sales strategy, closing deals, negotiation, lead generation",Sales Executive
"pitching, closing deals, lead generation, communication, sales strategy, negotiation, relationship management",Sales Executive
"relationship management, closing deals, negotiation, lead generation",Sales Executive
"lead generation, relationship management, communication, sales strategy, negotiation, pitching",Sales Executive
"communication, negotiation, pitching, sales strategy, relationship management, lead generation, closing deals",Sales Executive
"negotiation, communication, lead generation, closing deals",Sales Executive
"lead generation, negotiation, communication, pitching, closing deals, sales strategy, relationship management",Sales Executive
"closing deals, negotiation, pitching, communication, lead generation, sales strategy",Sales Executive
"pitching, negotiation, relationship management, closing deals",Sales Executive
"closing deals, negotiation, relationship management, lead generation, pitching, communication, sales strategy",Sales Executive
"relationship management, lead generation, pitching, negotiation",Sales Executive
"negotiation, lead generation, relationship management, communication, closing deals, sales strategy",Sales Executive
"negotiation, pitching, lead generation, sales strategy, communication, closing deals, relationship management",Sales Executive
"pitching, communication, negotiation, relationship management, lead generation, closing deals",Sales Executive
"communication, lead generation, closing deals, sales strategy, pitching",Sales Executive
"sales strategy, communication, lead generation, relationship management",Sales Executive
"relationship management, closing deals, sales strategy, negotiation, lead generation, communication",Sales Executive
"sales strategy, relationship management, lead generation, pitching, negotiation, closing deals, communication",Sales Executive
"sales strategy, communication, lead generation, negotiation, closing deals, relationship management, pitching",Sales Executive
"closing deals, communication, sales strategy, relationship management, lead generation",Sales Executive
"lead generation, negotiation, closing deals, communication",Sales Executive
"closing deals, negotiation, sales strategy, pitching",Sales Executive
"relationship management, negotiation, pitching, closing deals",Sales Executive
"communication, relationship management, pitching, closing deals, sales strategy, lead generation",Sales Executive
"sales strategy, communication, lead generation, relationship management, pitching, negotiation",Sales Executive
"pitching, negotiation, sales strategy, communication",Sales Executive
"closing deals, lead generation, communication, negotiation, sales strategy, pitching, relationship management",Sales Executive
"lead generation, negotiation, pitching, communication, sales strategy, relationship management, closing deals",Sales Executive
"closing deals, pitching, communication, relationship management, lead generation, negotiation, sales strategy",Sales Executive
"relationship management, communication, lead generation, sales strategy",Sales Executive
"lead generation, closing deals, pitching, relationship management",Sales Executive
"relationship management, lead generation, pitching, communication, closing deals, sales strategy, negotiation",Sales Executive
"lead generation, negotiation, sales strategy, communication",Sales Executive
"communication, lead generation, sales strategy, negotiation, pitching, closing deals",Sales Executive
"sales strategy, lead generation, negotiation, communication, pitching, closing deals",Sales Executive
"pitching, relationship management, negotiation, communication, lead generation, sales strategy",Sales Executive
"lead generation, sales strategy, pitching, relationship management, negotiation, closing deals",Sales Executive
"lead generation, sales strategy, pitching, closing deals, communication, relationship management",Sales Executive
"sales strategy, closing deals, relationship management, pitching, lead generation",Sales Executive
"negotiation, communication, pitching, sales strategy, relationship management, lead generation",Sales Executive
"negotiation, relationship management, communication, lead generation",Sales Executive
"closing deals, lead generation, pitching, negotiation, relationship management, communication, sales strategy",Sales Executive
"communication, closing deals, negotiation, lead generation, pitching, sales strategy, relationship management",Sales Executive
"closing deals, lead generation, negotiation, communication",Sales Executive
"lead generation, closing deals, communication, negotiation, sales strategy, pitching",Sales Executive
"closing deals, pitching, negotiation, lead generation",Sales Executive
"communication, closing deals, lead generation, pitching",Sales Executive
"pitching, lead generation, relationship management, sales strategy",Sales Executive
"lead generation, pitching, negotiation, communication, closing deals",Sales Executive
"pitching, communication, lead generation, relationship management, sales strategy, negotiation",Sales Executive
"pitching, lead generation, communication, sales strategy",Sales Executive
"negotiation, sales strategy, lead generation, communication, relationship management, closing deals",Sales Executive
"lead generation, negotiation, pitching, communication, sales strategy, closing deals",Sales Executive
"lead generation, relationship management, closing deals, sales strategy, pitching",Sales Executive
"negotiation, sales strategy, pitching, communication",Sales Executive
"communication, negotiation, relationship management, lead generation",Sales Executive
"relationship management, closing deals, pitching, sales strategy",Sales Executive
"relationship management, closing deals, negotiation, sales strategy, lead generation, pitching",Sales Executive
"lead generation, communication, relationship management, closing deals, pitching, sales strategy, negotiation",Sales Executive
"sales strategy, negotiation, relationship management, closing deals, lead generation, communication, pitching",Sales Executive
"relationship management, closing deals, sales strategy, communication, lead generation, negotiation",Sales Executive
"lead generation, relationship management, negotiation, sales strategy, communication",Sales Executive
"closing deals, sales strategy, relationship management, negotiation, lead generation",Sales Executive
"lead generation, communication, sales strategy, pitching, relationship management, closing deals",Sales Executive
"communication, lead generation, negotiation, closing deals, pitching, relationship management",Sales Executive
"pitching, lead generation, negotiation, communication, sales strategy, relationship management",Sales Executive
"pitching, relationship management, closing deals, sales strategy, negotiation",Sales Executive
"relationship management, sales strategy, lead generation, pitching, communication, closing deals, negotiation",Sales Executive
"lead generation, communication, negotiation, closing deals, pitching, sales strategy, relationship management",Sales Executive
"relationship management, closing deals, lead generation, negotiation, sales strategy, pitching",Sales Executive
"sales strategy, lead generation, communication, negotiation, pitching, relationship management, closing deals",Sales Executive
"communication, sales strategy, closing deals, negotiation, pitching, lead generation, relationship management",Sales Executive
"relationship management, lead generation, sales strategy, pitching, negotiation",Sales Executive
"pitching, sales strategy, communication, lead generation, negotiation, relationship management",Sales Executive
